,0,1,2,3,4,5,6
20220105,1375340,97772,104422,83826,137954,1293230,118720.0
20220106,1350473,94611,94658,62155,159689,1337082,112596.0
20220107,1335209,105489,86621,65587,152790,1357814,107754.0
20220112,1393860,134038,93337,53252,93487,1325301,117989.0
20220113,1412474,153029,103261,64834,77246,1267906,132514.0
20220114,1396889,147444,121431,70269,77480,1266680,131071.0
20220120,1348496,142835,139609,89708,75788,1277845,136983.0
20220121,1348684,123601,109641,86280,124931,1287642,130485.0
20220126,1443499,178187,156099,69875,118355,1101606,143643.0
20220127,1416652,187831,159409,83859,154838,1069260,139415.0
20220128,1416403,180827,143915,82824,169671,1081466,136158.0
20220202,1384811,133192,119495,70364,133320,1256240,113842.0
20220203,1394340,126364,107651,74198,123631,1270892,114188.0
20220204,1411255,113801,96614,55095,115490,1299838,119171.0
20220209,1453727,174884,126337,61025,61043,1204094,130154.0
20220210,1484893,155708,122247,85541,69414,1148535,144926.0
20220211,1494031,159798,114868,78784,85119,1160635,118029.0
20220216,1398868,161154,155443,93029,103394,1158079,141297.0
20220217,1385596,147621,144912,85125,88575,1238996,120439.0
20220218,1342124,153774,156049,121032,116361,1177016,144908.0
20220223,1263248,116732,125170,72443,132001,1379143,122527.0
20220224,1250281,113847,123801,82072,136139,1381380,123744.0
20220225,1252934,127892,133990,90178,103093,1370215,132962.0
20220302,1290874,115472,109236,71156,131703,1357825,134998.0
20220303,1295207,117861,112169,70068,128267,1349560,138132.0
20220304,1303209,110682,109968,62240,123744,1363524,137897.0
20220309,1325985,129940,101550,63777,105924,1342017,142071.0
20220310,1355089,150143,109420,65663,94323,1284075,152551.0
20220311,1355656,176686,98748,61125,91502,1271205,156342.0
20220316,1447068,140839,147738,93992,106971,1122590,152066.0
20220317,1436092,144767,134957,111941,108143,1114091,161273.0
20220318,1445680,170423,172747,79619,107497,1075863,159435.0
20220323,1402804,164938,164753,86788,147928,1095690,148363.0
20220324,1388714,150909,174836,94724,144761,1115123,142197.0
20220325,1349738,152136,160395,95052,173772,1150755,129416.0
20220330,1259917,145751,135363,105716,156217,1274392,133908.0
20220331,1204508,146143,151211,95110,177159,1303037,134096.0
20220401,1223748,143725,134431,87837,173842,1311567,136114.0
20220406,1277748,115085,121848,71098,165844,1306172,153469.0
20220407,1290389,98932,112011,67075,115605,1371386,155866.0
20220408,1263403,101877,121052,82798,97478,1399041,145615.0
20220413,1312743,120341,143128,76825,82531,1341486,134210.0
20220421,1348579,121358,88820,44750,78582,1405009,124166.0
20220422,1340985,104156,85919,46318,77071,1427721,129094.0
20220427,1273303,97708,101211,64871,99198,1442682,132291.0
20220428,1233824,96675,106833,74618,111170,1442635,145509.0
20220429,1203563,105489,108924,76531,102476,1461142,153139.0
20220504,1173872,116052,94593,65107,92928,1554994,113718.0
20220505,1155484,107667,100402,71254,121094,1514574,140789.0
20220506,1156279,97733,93679,70078,110433,1543324,139738.0
20220511,1177730,106330,132557,82299,119079,1436962,156307.0
20220512,1201778,104778,122067,69392,100454,1459725,153070.0
20220513,1208651,115905,109687,77070,93823,1468704,137424.0
20220518,1221617,135707,135310,81549,144462,1335487,157132.0
20220520,1206019,135343,136195,96345,164699,1338171,134492.0
20220525,1291581,176055,132508,98109,163843,1191327,157841.0
20220527,1333071,189416,167717,91352,161823,1106637,161248.0
20220601,1419083,196041,236596,106033,149905,938892,164714.0
20220602,1451868,186496,234866,88083,142525,945393,162033.0
20220603,1446315,217446,206147,98247,131841,959357,151911.0
20220609,1695130,227540,182046,57197,105296,820218,123837.0
20220610,1684048,227010,163211,65855,110101,843071,117968.0
20220615,1772476,185291,136269,73554,118563,821383,103728.0
20220616,1719635,234959,136519,79646,122348,813278,104879.0
20220617,1770156,208711,118138,70604,127356,814987,101312.0
20220622,1867908,223607,133256,71776,104633,712142,97942.0
20220623,1902107,221125,139981,60398,104238,685962,97453.0
20220624,1927748,232285,118367,66236,86494,691167,88967.0
20220629,2035346,230576,99860,31971,47992,679669,85850.0
20220630,2032527,211523,110440,44893,55850,672730,83301.0
20220701,2011657,234293,103507,45279,53745,680075,82708.0
20220706,2037674,252550,97138,51755,72012,661703,38432.0
20220707,2258359,122487,51981,38297,59413,648165,32562.0
20220708,2041806,288633,70913,46090,71185,653604,39033.0
20220713,2284325,121440,74071,31932,43374,636349,19773.0
20220714,2117084,234923,104989,38941,51248,631032,33047.0
20220715,2116253,271869,86401,42826,53748,606430,33737.0
20220720,2258535,225027,56873,37748,72994,538077,22010.0
20220721,2278825,216702,48409,28606,59354,552808,26560.0
20220722,2272103,217688,62977,36777,47419,548929,25371.0
20220727,2321221,195819,80090,46036,46393,509790,11915.0
20220728,2337186,171100,83721,47014,49900,509769,12574.0
20220729,2325560,180592,74605,55884,57618,504597,12408.0
20220803,2436383,131867,36798,31331,35643,536623,2619.0
20220804,2452981,120997,42728,30306,40403,521414,2435.0
20220805,2450045,124278,39912,39523,45593,509522,2391.0
20220810,2307018,252883,42634,37080,56897,507251,7501.0
20220811,2372200,205379,43950,39210,38600,504676,7249.0
20220812,2379267,206988,35358,36608,36490,511428,5125.0
20220817,2391441,184577,38532,55003,45647,492605,3459.0
20220818,2431230,160487,44764,47881,31747,495155,
20220819,2423689,155792,45111,51319,42081,493272,
20220824,2428581,133033,63307,55002,64150,460685,6506.0
20220825,2435683,110889,60980,61700,67979,467542,6491.0
20220826,2439398,110030,57043,64188,67921,466100,6584.0
20220831,2421875,123460,41594,35955,68472,512022,7886.0
20220901,2431697,108579,50596,47237,67988,496564,8603.0
20220902,2434219,125285,44636,44026,62586,493926,6586.0
20220907,2403149,128028,63322,51323,71153,490079,4210.0
20220908,2389488,108990,83820,54938,78586,486744,8698.0
20220909,2422113,81192,79759,57441,75514,495245,
20220914,2372555,112938,55822,56803,76996,529221,6929.0
20220915,2342271,112712,69344,66289,103151,505872,11625.0
20220916,2345904,115188,70413,62662,92766,517221,7110.0
20220921,2394877,123904,52386,33715,72130,529810,4442.0
20220922,2428551,93528,56832,34301,63521,530274,4257.0
20220923,2443522,94505,40345,34496,70239,523803,4354.0
20220928,2515501,120604,44691,43132,35315,443726,8295.0
20220929,2543009,79185,61666,37639,39968,446362,3435.0
20220930,2494947,107362,45436,53146,46653,454219,9501.0
20221005,2485430,154846,31891,23261,35286,476837,3713.0
20221006,2485023,147540,40402,24031,38536,469983,5749.0
20221007,2486340,139080,55586,29209,26640,466053,8356.0
20221012,2456882,141696,44368,23416,36422,500043,8437.0
20221013,2504979,108700,32669,22536,38531,502101,1748.0
20221014,2480271,115274,38416,26326,36815,507825,6337.0
20221019,2391011,94573,45829,33053,51102,592604,3092.0
20221020,2406912,98653,41369,26919,49153,585077,3181.0
20221021,2412796,77997,42674,29039,45802,599812,3144.0
20221026,2333176,100397,55539,32069,40251,640610,9222.0
20221027,2308054,103043,48021,37382,45189,662744,6831.0
20221028,2344631,68368,42834,34329,49761,664920,6421.0
20221102,2344465,97000,44606,35736,59725,616404,13328.0
20221103,2319802,92646,51311,38718,58044,639454,11289.0
20221104,2267547,119379,50160,32616,56340,667913,17309.0
20221109,2236459,89310,57989,38335,68052,700362,20757.0
20221110,2212769,97365,63105,32827,58939,721244,25015.0
20221111,2175639,116013,62294,35276,61127,733505,27410.0
20221116,2080944,162649,52987,35567,79064,776243,23810.0
20221117,2044368,174778,76874,48327,67812,772290,26815.0
20221118,2019300,186544,66412,46786,84851,781140,26231.0
20221123,2050310,153693,62838,51221,70364,800648,22190.0
20221125,2057420,114796,79436,50307,61727,812867,34711.0
20221130,2071521,147895,52168,28662,75922,792421,42675.0
20221201,2102031,129868,81647,34643,60524,757526,45025.0
20221202,2109694,154435,68122,36317,74285,727375,41036.0
20221207,1980775,177746,90613,52795,92295,780701,36339.0
20221208,1932141,136058,91392,75480,125901,809496,40796.0
20221209,1941543,127178,94285,71708,105854,835211,35485.0
20221214,1785921,142162,137057,73277,106441,914158,52248.0
20221215,1777613,130987,128008,82290,115041,925969,51356.0
20221216,1768684,170878,133630,63438,101290,937455,35889.0
20221221,1727780,174278,121595,73428,96188,953248,64747.0
20221222,1646293,165442,117217,75105,106188,1034520,66499.0
20221223,1659427,158961,125310,77215,114166,1003566,72619.0
20221229,1615259,167703,154528,64616,84944,1029842,94372.0
20221230,1610035,188321,138583,59979,61914,1048859,103573.0
