,IFOW,OW,VODI,ODI,CDI,VCDI,FI,met_index
2022-01-03,1153985,149155,60136,66297,187541,1149643,38230,DJF
2022-01-04,1134212,130581,65875,70488,173404,1192022,38405,DJF
2022-01-05,1122903,103654,78643,65455,159057,1235816,39459,DJF
2022-01-06,1118061,102109,73306,52743,113725,1306532,38511,DJF
2022-01-07,1110559,102481,81464,56540,96954,1318556,38433,DJF
2022-01-10,1134010,82075,75181,73153,102988,1293294,44286,DJF
2022-01-11,1119506,119980,66161,59068,105921,1290690,43661,DJF
2022-01-12,1136141,149040,84554,50067,84192,1258616,42377,DJF
2022-01-13,1205121,115429,65726,43963,66045,1294144,14559,DJF
2022-01-14,967661,256425,180515,47038,70038,1234679,48631,DJF
2022-01-17,1094299,133341,130212,77393,116937,1206410,46395,DJF
2022-01-18,1134748,102575,129346,73177,98613,1219309,47219,DJF
2022-01-19,1141053,127812,73905,99817,110529,1209448,42423,DJF
2022-01-20,1129334,143827,87797,94218,93214,1214340,42257,DJF
2022-01-21,1084284,140464,83764,116028,101820,1233387,45240,DJF
2022-01-24,1175862,209461,138987,51287,133579,1052457,43354,DJF
2022-01-25,1190073,201384,160371,80480,136093,996490,40096,DJF
2022-01-26,1192275,208393,203037,76118,111646,974734,38784,DJF
2022-01-27,1201227,175489,201124,84344,129861,971578,41364,DJF
2022-01-28,1137974,180525,171642,111717,172751,1018437,11941,DJF
2022-01-31,1146977,127310,103390,93415,162746,1145574,25575,DJF
2022-02-01,1165930,110033,107973,88800,139462,1166401,26388,DJF
2022-02-02,1199327,94164,84949,45276,159803,1183595,37873,DJF
2022-02-03,1151725,118642,74224,68013,130831,1219774,41778,DJF
2022-02-04,1148892,122746,63626,73991,116607,1237243,41882,DJF
2022-02-07,1197301,155511,134092,8868,69559,1200152,39504,DJF
2022-02-08,1230400,130482,103289,51346,90647,1152889,45934,DJF
2022-02-09,1222033,171055,64267,54975,113626,1160794,18237,DJF
2022-02-10,1240299,159421,108825,55786,120204,1079720,40732,DJF
2022-02-11,1237825,161702,119489,69099,123524,1055145,38203,DJF
2022-02-14,1151806,201985,109899,94799,98677,1109580,38241,DJF
2022-02-15,1134797,182311,95897,73072,104555,1192615,21740,DJF
2022-02-16,1093563,196528,109848,99707,140508,1126760,38073,DJF
2022-02-17,1030340,218046,144744,61388,200651,1109702,40116,DJF
2022-02-18,1032519,216768,122545,113936,175632,1103984,39603,DJF
2022-02-21,1021197,184805,68067,68374,147390,1275024,40130,DJF
2022-02-22,1009253,157222,79484,71554,160628,1280490,46356,DJF
2022-02-23,1015037,146045,104389,60253,162364,1268857,48042,DJF
2022-02-24,1016413,127453,138304,70077,121615,1278060,53065,DJF
2022-02-25,1031075,125294,124714,79269,139738,1251426,53471,DJF
2022-02-28,1070367,98998,116441,82900,247936,1133350,54995,DJF
2022-03-01,1069137,94477,146271,67471,194177,1175670,57784,MAM
2022-03-02,1079138,96746,126702,69176,201887,1174010,57328,MAM
2022-03-03,1041289,145159,89546,86079,166721,1223505,52688,MAM
2022-03-04,1045691,129287,85263,81174,168535,1242358,52679,MAM
2022-03-07,1064147,174601,59471,55878,103375,1297637,49878,MAM
2022-03-08,1087063,165800,90754,55067,85487,1269457,51359,MAM
2022-03-09,1089891,173365,63277,62886,81234,1283005,51329,MAM
2022-03-10,1113884,175882,115835,46413,67908,1234810,50255,MAM
2022-03-11,1103681,210624,114958,83193,103357,1140891,48283,MAM
2022-03-14,1225420,110205,138808,84983,79016,1118208,48347,MAM
2022-03-15,1202555,136733,121308,90601,93926,1108846,51018,MAM
2022-03-16,1199087,189690,162806,49997,83513,1071407,48487,MAM
2022-03-17,1194249,185052,165232,85039,64374,1064098,46943,MAM
2022-03-18,1256805,201379,163294,72672,54020,1012075,44742,MAM
2022-03-21,1188276,193863,141209,80140,157823,1001185,42491,MAM
2022-03-22,1181200,202443,164973,74803,138881,1000020,42667,MAM
2022-03-23,1138091,210863,130480,77606,197296,1010492,40159,MAM
2022-03-24,1117175,190647,117010,83530,152023,1105752,38850,MAM
2022-03-25,1058294,181402,94402,98948,154246,1179643,38052,MAM
2022-03-28,1003503,178542,107013,83021,213069,1181938,37901,MAM
2022-03-29,955192,169499,151465,101200,191380,1199166,37085,MAM
2022-03-30,981036,174206,129981,100576,123725,1256421,39042,MAM
2022-03-31,991845,138515,111575,96781,163295,1263234,39742,MAM
2022-04-01,994444,128477,95582,68250,222520,1256652,39062,MAM
2022-04-04,1024721,122365,107283,55867,237539,1199177,58035,MAM
2022-04-05,1050255,107522,106581,53793,148096,1279702,59038,MAM
2022-04-06,1020618,119166,139020,59826,75001,1332988,58368,MAM
2022-04-07,1011667,120154,86205,77308,113943,1337717,57993,MAM
2022-04-08,1003687,124422,83339,63172,129389,1342783,58195,MAM
2022-04-11,1096018,93191,141039,77829,79757,1282987,34166,MAM
2022-04-12,1098085,84707,143050,62362,94459,1259589,62735,MAM
2022-04-13,1077486,93390,125469,99637,90327,1279845,38833,MAM
2022-04-19,1097543,117326,56965,50560,87255,1341331,54007,MAM
2022-04-20,1101395,106696,53741,46982,94501,1348238,53434,MAM
2022-04-21,1098126,101057,70654,45826,76692,1360429,52203,MAM
2022-04-22,1088030,117640,58141,42852,83900,1362124,52300,MAM
2022-04-25,1052425,111573,74604,42264,137690,1337471,48960,MAM
2022-04-26,1019148,95369,79727,50964,153692,1357986,48101,MAM
2022-04-27,989600,104477,80599,61748,117135,1401077,50351,MAM
2022-04-28,978373,107159,94837,55826,95646,1422007,51139,MAM
2022-04-29,967872,116021,118846,60691,90066,1400363,51128,MAM
2022-05-02,932949,147886,83993,47230,70398,1499520,23011,MAM
2022-05-03,924781,147466,106874,57405,85464,1430783,52214,MAM
2022-05-04,921631,115174,116063,39126,104186,1458082,50725,MAM
2022-05-05,924378,114902,98906,55325,86711,1473176,51589,MAM
2022-05-06,939114,89292,108421,43037,108406,1465131,51586,MAM
2022-05-09,949324,93948,126870,85723,141020,1356114,51988,MAM
2022-05-10,951646,113403,126760,78283,96511,1391305,47079,MAM
2022-05-11,946866,107670,133077,75417,87366,1411975,42616,MAM
2022-05-12,990357,100168,123273,40123,112246,1417577,21243,MAM
2022-05-13,987854,84962,178481,64968,132465,1308878,47379,MAM
2022-05-16,983465,162437,99205,76368,110596,1326540,46376,MAM
2022-05-18,957182,156417,133931,91785,144584,1276592,44496,MAM
2022-05-19,950065,154686,187788,101578,149888,1213934,47048,MAM
2022-05-20,947025,160837,193048,107979,144105,1202971,49022,MAM
2022-05-23,1007265,187579,118276,83178,186923,1173529,48237,MAM
2022-05-24,1023870,174342,115545,108404,193895,1141580,47351,MAM
2022-05-25,1040949,161989,179854,109740,153414,1111264,47777,MAM
2022-05-27,1030519,224638,222932,146289,156104,974520,49985,MAM
2022-05-30,1173609,161963,223506,133823,176626,884750,50710,MAM
2022-05-31,1179934,165533,241822,104180,153871,909054,50593,MAM
2022-06-01,1174803,188593,181836,117522,143254,954133,44846,JJA
2022-06-02,1179189,189760,168713,128473,135986,958392,44474,JJA
2022-06-03,1188051,228298,149653,114498,130153,950466,43868,JJA
2022-06-07,1424067,192370,163746,48382,92564,845956,37902,JJA
2022-06-08,1406662,213662,129692,62023,102278,855784,34886,JJA
2022-06-09,1431252,234196,103818,61531,95933,843639,34618,JJA
2022-06-10,1456489,222313,93716,58073,100763,840138,33495,JJA
2022-06-13,1515609,153218,102184,61085,118722,821385,32784,JJA
2022-06-14,1461570,214803,105279,59996,122137,808770,32432,JJA
2022-06-15,1506773,183893,91887,56711,128303,806043,31377,JJA
2022-06-16,1510202,182772,89587,67222,133604,791217,30383,JJA
2022-06-17,1525095,168022,99190,80026,119928,782495,30231,JJA
2022-06-20,1574437,122855,157631,70766,107635,742032,29631,JJA
2022-06-21,1619728,125427,158564,60886,100344,710201,29837,JJA
2022-06-22,1634121,169964,112409,83516,75243,701574,28160,JJA
2022-06-23,1681142,155062,102235,68505,68486,701998,27559,JJA
2022-06-24,1749658,154653,106017,55088,28082,686124,25365,JJA
2022-06-27,1765620,175008,95504,26088,25374,690953,26440,JJA
2022-06-28,1772203,158629,91768,37694,26835,692859,24999,JJA
2022-06-29,1761985,166865,91562,36194,36627,686729,25025,JJA
2022-06-30,1815354,116128,90903,38859,34173,685463,24107,JJA
2022-07-01,1788331,140131,69467,46599,51650,688051,20758,JJA
2022-07-04,1756169,183454,62428,50493,73914,663789,14740,JJA
2022-07-05,1895032,115684,39596,41411,54650,643695,14919,JJA
2022-07-06,1771914,200832,57944,39496,67383,653292,14126,JJA
2022-07-07,1884412,105585,61678,39249,61841,638520,13702,JJA
2022-07-08,1791879,151317,61210,50452,83347,652977,13805,JJA
2022-07-11,1882760,113337,61823,32282,52234,649886,12665,JJA
2022-07-12,1792706,178924,73852,49194,61016,636798,12497,JJA
2022-07-13,1769439,222946,76364,49673,60079,613899,12587,JJA
2022-07-14,1770650,252421,68123,43355,50662,608114,11662,JJA
2022-07-15,1811008,233103,54591,44106,65420,585129,11630,JJA
2022-07-18,1869625,238645,30975,31038,62978,561351,10375,JJA
2022-07-19,1897998,225584,27415,21846,51315,570227,10602,JJA
2022-07-20,1900973,210872,46473,32284,44744,560899,8742,JJA
2022-07-21,1927255,193745,62416,23457,42410,550298,5406,JJA
2022-07-22,1960084,157901,62980,30277,45001,544095,4649,JJA
2022-07-25,1981709,156301,73202,35816,40326,513084,4549,JJA
2022-07-26,1997191,138370,72421,42063,39640,511313,3989,JJA
2022-07-27,1991676,144054,70535,48451,39670,506610,3991,JJA
2022-07-28,1999057,172758,43849,27471,42987,515002,3863,JJA
2022-07-29,2052556,108846,45327,31407,46272,516708,3871,JJA
2022-08-01,2039041,130228,24091,26887,33966,549375,1399,JJA
2022-08-02,2050485,121264,31450,24750,45369,530451,1218,JJA
2022-08-03,2050485,131252,20104,34176,45941,521780,1249,JJA
2022-08-04,2050485,135649,18546,40101,37118,521988,1100,JJA
2022-08-05,2011153,179912,22570,34594,39738,515759,1261,JJA
2022-08-08,1996415,188926,28520,25744,47720,516304,1358,JJA
2022-08-09,2026095,158069,32444,35934,30722,520479,1244,JJA
2022-08-10,2035797,151783,26626,29815,36005,523844,1117,JJA
2022-08-11,2053712,136699,29703,31263,34878,517736,996,JJA
2022-08-12,2052283,154436,27862,25952,34710,508780,964,JJA
2022-08-15,2057430,121862,31748,40307,52428,500639,573,JJA
2022-08-16,2058751,110683,32898,37246,45087,519728,594,JJA
2022-08-17,2056196,118382,30538,37427,41386,520415,643,JJA
2022-08-18,2081859,121522,26853,31826,46519,495850,558,JJA
2022-08-19,2114684,99777,46671,36003,33532,473741,579,JJA
2022-08-22,2100471,94673,51757,46343,49832,460884,1027,JJA
2022-08-23,2103598,85201,47849,51096,50895,465321,1027,JJA
2022-08-24,2098392,74685,56006,57974,57748,459122,1060,JJA
2022-08-25,2089440,74295,68221,62019,50220,460618,174,JJA
2022-08-26,2055178,87491,49753,62620,79024,470232,689,JJA
2022-08-29,2055783,111470,26510,44117,61153,505421,533,JJA
2022-08-30,2037478,107037,44794,54635,63461,496989,593,JJA
2022-08-31,2039604,119632,38711,51410,57541,497627,462,JJA
2022-09-01,2036766,135119,34012,39542,31876,527178,494,SON
2022-09-02,2032176,150978,36430,31070,38545,515218,570,SON
2022-09-05,2054157,87054,64245,53959,53134,492295,143,SON
2022-09-06,2048566,70591,81057,52303,73440,478447,583,SON
2022-09-07,2055966,60062,77996,55883,71444,483633,3,SON
2022-09-08,2053527,55629,86681,50207,73658,485271,14,SON
2022-09-09,2042282,62271,89697,51725,71792,487217,3,SON
2022-09-12,1996137,102037,53745,76057,53037,523453,521,SON
2022-09-13,1990898,95378,55024,78079,87877,497039,692,SON
2022-09-14,1996991,90132,61204,65760,81899,508483,518,SON
2022-09-15,2017204,75964,63360,59341,76544,512062,512,SON
2022-09-16,2010865,84317,56289,53701,70738,528562,515,SON
2022-09-19,2015232,93130,54625,38265,57577,545997,161,SON
2022-09-20,2029868,81758,49399,34393,48003,561405,161,SON
2022-09-21,2033699,90263,32216,34553,52817,561278,161,SON
2022-09-22,2028828,105242,30312,30100,67759,542596,150,SON
2022-09-23,2027355,132819,26679,28211,73584,516179,160,SON
2022-09-26,2162179,75800,57415,28208,28736,451966,683,SON
2022-09-27,2183370,57065,58020,30186,24417,451759,170,SON
2022-09-28,2139447,89706,45120,43358,32458,454292,606,SON
2022-09-29,2146592,76230,36810,35623,66548,442578,606,SON
2022-09-30,2128501,92974,39212,32949,44028,466717,606,SON
2022-10-03,2128313,111997,27713,19867,29802,487173,122,SON
2022-10-04,2114608,98117,33760,22580,48300,487224,398,SON
2022-10-05,2111815,102540,44999,27702,39995,477398,538,SON
2022-10-06,2115243,114203,45566,27227,39110,463507,131,SON
2022-10-07,2144971,84055,43088,27026,43855,461937,55,SON
2022-10-10,2115297,102374,26150,20857,42192,497581,536,SON
2022-10-11,2119894,84877,25512,20868,54399,499373,64,SON
2022-10-12,2154081,55130,34214,20199,35247,505637,479,SON
2022-10-13,2152820,57186,28618,17550,27590,520756,467,SON
2022-10-14,2127644,60135,27539,23324,32619,533257,469,SON
2022-10-17,2062674,58266,28981,28258,46057,579996,755,SON
2022-10-18,2059430,56857,26314,31668,56329,573810,579,SON
2022-10-19,2042626,61232,28237,27252,51959,593183,498,SON
2022-10-20,2020980,75511,40293,26735,48716,592299,453,SON
2022-10-21,2003700,84746,38492,28165,40012,608970,902,SON
2022-10-24,2002650,55935,54992,26523,34921,629164,802,SON
2022-10-25,1991245,68751,42925,23724,23056,654451,835,SON
2022-10-26,1991853,56538,36068,29837,33494,656362,835,SON
2022-10-27,2001500,42272,39149,23102,33207,664802,955,SON
2022-10-28,1991645,45950,29437,26344,44730,665830,1051,SON
2022-10-31,1996210,48332,49339,37215,77639,591994,4258,SON
2022-11-01,1958357,61924,55270,30186,64680,630315,4255,SON
2022-11-02,1942838,85697,34895,27302,50338,658788,5129,SON
2022-11-03,1957099,81910,34687,29020,49975,647203,5093,SON
2022-11-04,1949456,81707,26174,37910,51848,648655,9237,SON
2022-11-07,1920633,66212,40700,28758,69347,665285,14052,SON
2022-11-08,1899795,72158,37412,26505,65843,690346,12928,SON
2022-11-09,1882560,67261,36859,33080,66524,705697,13006,SON
2022-11-10,1891574,55962,44153,27993,52854,719547,12904,SON
2022-11-11,1885542,44121,46938,25643,49587,738366,14790,SON
2022-11-14,1788821,104856,35562,30054,76900,758751,10043,SON
2022-11-15,1782240,86400,41735,47942,73407,763171,10092,SON
2022-11-16,1777947,90152,40556,38467,78297,770098,9470,SON
2022-11-17,1825764,57777,41917,32348,74377,763137,9667,SON
2022-11-18,1801206,80350,41206,36159,75760,761026,9280,SON
2022-11-21,1749082,105926,38767,44254,59167,798745,9046,SON
2022-11-22,1769163,81112,58661,36584,58734,790373,10360,SON
2022-11-23,1777631,65049,59968,39536,46718,805479,10606,SON
2022-11-24,1704609,102202,50094,34122,74060,828948,10952,SON
2022-11-25,1723310,88868,63498,26135,70383,829246,3547,SON
2022-11-28,1758724,70720,49582,28391,66638,816427,14505,SON
2022-11-29,1780265,75533,55149,34892,55017,788952,15179,SON
2022-11-30,1781755,94071,56073,41303,66593,751427,13765,SON
2022-12-01,1775277,103513,52608,33621,64627,761283,14058,DJF
2022-12-02,1772293,133059,64506,33296,63008,724761,14064,DJF
2022-12-05,1716050,130888,60907,57440,74252,752593,12857,DJF
2022-12-06,1658173,128209,66961,61734,104365,774412,11133,DJF
2022-12-07,1650450,106202,89377,74237,74960,798197,11564,DJF
2022-12-08,1645574,76559,86826,43984,140611,798969,12464,DJF
2022-12-09,1593732,101963,51527,59303,145067,840950,12445,DJF
2022-12-12,1553364,101526,101367,49579,127169,858319,13663,DJF
2022-12-13,1525582,84031,135995,50519,142309,852714,13837,DJF
2022-12-14,1502393,98957,126983,65624,149880,856915,4235,DJF
2022-12-15,1463794,118809,88886,22257,114018,981585,15638,DJF
2022-12-16,1486542,116703,94743,40958,60318,989287,16436,DJF
2022-12-19,1459383,151945,89558,68711,62218,956516,16656,DJF
2022-12-20,1418542,155183,79563,48468,63850,1022893,16488,DJF
2022-12-21,1429006,146028,100333,58019,105139,947805,18657,DJF
2022-12-22,1431771,117261,104365,69002,141470,920121,20997,DJF
2022-12-23,1400371,103476,107665,60045,113170,1015746,4514,DJF
2022-12-27,1313898,136511,93045,48591,156693,1022781,33468,DJF
2022-12-28,1322831,153561,84367,58914,73687,1081573,30054,DJF
2022-12-29,1360238,157881,96237,47859,80475,1053836,8461,DJF
2022-12-30,1408087,162023,111338,44168,113478,940150,25743,DJF
