date,rmse,NIIEE_1,NIIEE_2,NIIEE_3,NIIEE_4,NIIEE_5,NIIEE_6,target_area0,target_area1,target_area2,target_area3,target_area4,target_area5,target_area6,forecast_area0,forecast_area1,forecast_area2,forecast_area3,forecast_area4,forecast_area5,forecast_area6
2022-01-03,1.7903233755637902,201.26203707422616,204.02330385986863,214.45632626153017,223.64185487310053,249.07129819918538,12.192761429453839,1172614.0,103654.0,78643.0,65455.0,159057.0,1235816.0,39459.0,1596216.0,89319.0,84967.0,96492.0,147057.0,821371.0,19276.0
2022-01-04,0.9415242166506961,71.71677998654029,92.95624398176022,89.75240305906068,83.78898025383128,76.20250233388484,16.4444855975825,1167772.0,102109.0,73306.0,52743.0,113725.0,1306532.0,38511.0,1078639.0,99666.0,104924.0,71161.0,124720.0,1351265.0,24323.0
2022-01-05,2.5449301928050057,346.83506039541777,347.23074516292127,338.81719497390236,332.76685187079994,315.6849789536858,15.354184019004308,1160270.0,102481.0,81464.0,56540.0,96954.0,1318556.0,38433.0,1995763.0,91835.0,57932.0,52381.0,59571.0,596797.0,419.0
2022-01-10,2.4348591028424087,284.9253884176456,294.01748509749933,281.1538840918198,277.1579370095203,264.83162742568874,15.267520046882286,1185852.0,149040.0,84554.0,50067.0,84192.0,1258616.0,42377.0,1971124.0,167495.0,46911.0,40605.0,54718.0,573763.0,82.0
2022-01-11,2.480841171467043,274.23332011203746,291.9004175395135,287.0828541475321,280.8606373732159,280.7385089032409,5.104406916562448,1254832.0,115429.0,65726.0,43963.0,66045.0,1294144.0,14559.0,2031571.0,164182.0,52184.0,25874.0,65052.0,515775.0,60.0
2022-01-12,2.1305852033782613,261.56846278382966,237.41943394459628,221.0505741088622,218.79094978401216,221.06752129129856,13.342728571938787,1017372.0,256425.0,180515.0,47038.0,70038.0,1234679.0,48631.0,1749948.0,116381.0,74821.0,48198.0,89552.0,764542.0,11256.0
2022-01-18,2.341858068892762,341.30199757624416,315.65993918307174,301.05940998062283,284.80965995665537,267.5315672918073,17.52223459350573,1179045.0,143827.0,87797.0,94218.0,93214.0,1214340.0,42257.0,1982305.0,75768.0,48531.0,34506.0,50143.0,662785.0,660.0
2022-01-19,2.2232725258901236,298.20219210727305,299.1496629447419,300.7155052358686,284.1850737662238,283.3176767915676,16.470900116140065,1133995.0,140464.0,83764.0,116028.0,101820.0,1233387.0,45240.0,1776402.0,109712.0,92757.0,77534.0,102235.0,690008.0,6050.0
2022-01-24,1.960561218097531,252.65313920351565,231.70532373381636,229.14381801363996,220.19993718547286,195.4480438435278,12.232619091655646,1241986.0,208393.0,203037.0,76118.0,111646.0,974734.0,38784.0,1796780.0,128883.0,55978.0,44069.0,45371.0,774228.0,9389.0
2022-01-25,0.9395545381020302,58.44095757618645,73.76643150069087,97.4699696489478,90.22211137064065,97.5311721369683,8.022718869063734,1250938.0,175489.0,201124.0,84344.0,129861.0,971578.0,41364.0,1209467.0,138526.0,114256.0,96402.0,132072.0,1126902.0,37073.0
2022-01-26,0.9240654628571953,53.104479642788895,68.21662153952931,98.08791493421296,103.61495176671639,98.69536044401474,8.698665003942038,1187685.0,180525.0,171642.0,111717.0,172751.0,1018437.0,11941.0,1200102.0,150986.0,111761.0,86355.0,151330.0,1123332.0,30832.0
2022-01-31,0.7408880864878229,43.0907478495243,46.722652018273976,47.75365360432935,54.83063860478108,77.6355162401676,8.970079402081065,1249038.0,94164.0,84949.0,45276.0,159803.0,1183595.0,37873.0,1227792.0,161116.0,107025.0,84735.0,100639.0,1147145.0,26246.0
2022-02-01,2.3091795312966052,253.335247327921,256.55383182760943,264.0648014768987,257.97734846484985,240.30277994516905,13.534325672724144,1201436.0,118642.0,74224.0,68013.0,130831.0,1219774.0,41778.0,1909714.0,130487.0,100587.0,51012.0,62721.0,596693.0,3484.0
2022-02-02,0.762651300914584,40.21141447036539,49.858187740027404,52.5073452125845,56.36388221832923,56.17678393895541,10.175133204672742,1198603.0,122746.0,63626.0,73991.0,116607.0,1237243.0,41882.0,1180943.0,121415.0,93411.0,51678.0,97135.0,1289337.0,20779.0
2022-02-07,1.07355002329172,86.53432226626717,89.84006646284475,92.91588114792653,94.82322579545504,108.5333726542765,9.192013504517266,1271744.0,171055.0,64267.0,54975.0,113626.0,1160794.0,18237.0,1247887.0,186084.0,145197.0,96795.0,113756.0,1035590.0,29389.0
2022-02-08,0.9295934315475144,74.602605459488,76.2107378128464,73.87515819360013,69.89996847434982,80.15548751336247,5.285148252734569,1290010.0,159421.0,108825.0,55786.0,120204.0,1079720.0,40732.0,1076141.0,156406.0,125129.0,87294.0,77696.0,1295979.0,36053.0
2022-02-09,2.325279328344908,285.727410328482,267.9574220752648,243.14739154102998,228.92271881212403,198.8928161826562,12.978069786641868,1287536.0,161702.0,119489.0,69099.0,123524.0,1055145.0,38203.0,2123446.0,109715.0,44600.0,28410.0,36142.0,512150.0,235.0
2022-02-14,2.1172359779393983,224.25785767584634,240.40424092491392,243.30044851688913,220.69074198791412,194.95358751858922,10.257877158019806,1143274.0,196528.0,109848.0,99707.0,140508.0,1126760.0,38073.0,1764349.0,180229.0,69625.0,44309.0,75198.0,712172.0,8816.0
2022-02-15,2.3597463915588235,322.30277549598827,296.59642735647003,289.8769085270729,282.7144637971328,231.02095828703312,14.108854523095761,1080051.0,218046.0,144744.0,61388.0,200651.0,1109702.0,40116.0,1969746.0,122786.0,83257.0,59857.0,59559.0,558318.0,1175.0
2022-02-16,1.6851968705712408,185.5249495913895,183.56909685340116,194.1340609275919,176.47726440649694,156.44992957643944,8.469887467639499,1082230.0,216768.0,122545.0,113936.0,175632.0,1103984.0,39603.0,1495715.0,165396.0,107148.0,69447.0,125200.0,867291.0,24501.0
2022-02-21,2.4290119523727594,311.89880366778397,307.57967519292094,291.5387449472532,287.9750065393607,277.603049104739,17.808610214544878,1064748.0,146045.0,104389.0,60253.0,162364.0,1268857.0,48042.0,1894172.0,131554.0,52622.0,56015.0,103899.0,616041.0,395.0
2022-02-22,2.398651369884118,333.40212796021547,326.3475206353982,290.0159601665584,276.2696344237607,267.0611816130579,19.621837719834584,1066124.0,127453.0,138304.0,70077.0,121615.0,1278060.0,53065.0,1916978.0,107948.0,40791.0,36898.0,71968.0,676776.0,3339.0
2022-02-23,1.0762994985209362,62.97204221115422,76.3448137774962,98.51998159852978,117.2253512828309,137.2704413828831,12.865610204203552,1080786.0,125294.0,124714.0,79269.0,139738.0,1251426.0,53471.0,1193915.0,121670.0,148770.0,121630.0,153496.0,1088948.0,26269.0
2022-02-28,2.6174090443263016,364.07537057210374,365.9621307383413,336.3540508326734,325.41449534599604,285.1684582493406,21.26435746335168,1128849.0,96746.0,126702.0,69176.0,201887.0,1174010.0,57328.0,2105436.0,101807.0,47128.0,39826.0,72396.0,487638.0,467.0
2022-03-01,0.6174239251664873,32.55588720172277,47.73466261415491,44.50190305962587,45.39074352524366,56.15637924480634,14.310518620754975,1091000.0,145159.0,89546.0,86079.0,166721.0,1223505.0,52688.0,1072416.0,123769.0,114616.0,64426.0,139057.0,1324516.0,15898.0
2022-03-02,0.7505409888118211,43.29831353383368,53.37112236674592,55.03644211804722,62.79445256993585,78.95484737418127,16.335526284811408,1095402.0,129287.0,85263.0,81174.0,168535.0,1242358.0,52679.0,1068580.0,110921.0,88954.0,58287.0,119706.0,1387668.0,20582.0
2022-03-07,2.039721012091701,236.17994588369652,202.64824137984567,221.90175795230198,229.26797507030346,234.41209878739645,14.301819242038896,1139602.0,173365.0,63277.0,62886.0,81234.0,1283005.0,51329.0,1768903.0,80737.0,104842.0,72316.0,90554.0,722893.0,14453.0
2022-03-08,2.4495214191327075,323.239061539815,303.94161061183905,284.9282016893086,277.46459989302724,269.024812012842,18.50420715266409,1163595.0,175882.0,115835.0,46413.0,67908.0,1234810.0,50255.0,2036439.0,123773.0,62285.0,28169.0,44536.0,559184.0,312.0
2022-03-09,0.981184591320186,69.81155502027141,64.1875068049781,87.9097682391869,95.38269260212742,96.42785952887574,10.59232796279552,1153392.0,210624.0,114958.0,83193.0,103357.0,1140891.0,48283.0,1221509.0,156666.0,90891.0,60015.0,77426.0,1219897.0,28294.0
2022-03-14,1.2611691328150818,65.64180656598313,89.675350853048,126.839045911677,129.6906223810607,146.4649305572824,9.781253997544805,1248798.0,189690.0,162806.0,49997.0,83513.0,1071407.0,48487.0,1101748.0,122045.0,66527.0,54546.0,111114.0,1362936.0,35782.0
2022-03-15,1.1382138356435914,64.23494431980235,75.96159437712065,106.91079693201351,115.66810961165768,115.00984602710986,10.047327907867725,1243960.0,185052.0,165232.0,85039.0,64374.0,1064098.0,46943.0,1174538.0,155450.0,94942.0,60853.0,99787.0,1235613.0,33515.0
2022-03-16,2.1323187455003003,253.7135343479486,241.55500375954728,208.45525211042127,202.78006306424294,201.74922430473447,15.358730834705007,1306516.0,201379.0,163294.0,72672.0,54020.0,1012075.0,44742.0,2020597.0,120876.0,64892.0,48857.0,86710.0,512036.0,730.0
2022-03-21,2.1842537774667434,322.8919795720501,286.00238790947304,255.8879194320895,240.64906499264092,191.3591050661561,15.286366897030534,1187802.0,210863.0,130480.0,77606.0,197296.0,1010492.0,40159.0,2030499.0,77511.0,43456.0,30739.0,56425.0,615804.0,264.0
2022-03-22,1.4166074081031472,104.0615338272567,124.06705878388439,167.19182981025068,170.09966933912875,148.09241215872163,8.275983017211328,1166886.0,190647.0,117010.0,83530.0,152023.0,1105752.0,38850.0,1400123.0,134952.0,162498.0,84827.0,121468.0,924417.0,26413.0
2022-03-23,1.1507410100057545,66.99453760692903,96.77649067928978,103.09731874206334,110.30286959514872,135.9698588581624,10.711014201096718,1108005.0,181402.0,94402.0,98948.0,154246.0,1179643.0,38052.0,958555.0,107162.0,103566.0,67724.0,92491.0,1504552.0,20648.0
2022-03-28,0.7922422787548205,44.12633411945219,47.581130706592496,62.9049246568572,71.46523552042838,76.99856593421109,10.960069349276058,1030747.0,174206.0,129981.0,100576.0,123725.0,1256421.0,39042.0,1126504.0,90855.0,91413.0,47401.0,89319.0,1375496.0,33710.0
2022-03-29,0.996270761229686,81.4999937716145,88.96528286863217,98.3768041481912,102.18165155799483,109.29566156579183,10.568389596484392,1041556.0,138515.0,111575.0,96781.0,163295.0,1263234.0,39742.0,986664.0,101305.0,105879.0,81189.0,112553.0,1439874.0,27234.0
2022-03-30,0.7947804257083202,40.798368526800814,56.842774694755335,67.63289122623743,72.04659104793433,95.27985001459584,12.313233100168643,1044155.0,128477.0,95582.0,68250.0,222520.0,1256652.0,39062.0,1092588.0,126899.0,98908.0,58594.0,124372.0,1329228.0,24109.0
2022-04-04,2.736731012249689,438.124625082801,419.15071586649833,378.7880512793095,371.9210003109052,372.95558037200175,23.930807377293146,1070329.0,119166.0,139020.0,59826.0,75001.0,1332988.0,58368.0,2131148.0,73225.0,41291.0,43181.0,76352.0,489062.0,439.0
2022-04-05,0.9030604292468097,60.33407487663817,62.65579755590992,82.92440504360927,81.38669692580802,73.73832182412974,14.472570154558099,1061378.0,120154.0,86205.0,77308.0,113943.0,1337717.0,57993.0,1164270.0,108438.0,99335.0,66679.0,130872.0,1255104.0,30000.0
2022-04-06,2.5111624978022085,369.6601743268622,353.7641266766146,341.7691790063948,331.90010232635626,304.8612003029109,22.866511491025836,1053398.0,124422.0,83339.0,63172.0,129389.0,1342783.0,58195.0,1938193.0,87214.0,53705.0,37041.0,50786.0,684462.0,3297.0
2022-04-11,0.9151849830129509,72.85457276704176,83.84187677345798,90.92311504182489,72.89846554948998,69.00533250626917,16.751758801336194,1127197.0,93390.0,125469.0,99637.0,90327.0,1279845.0,38833.0,1081674.0,112256.0,109366.0,78934.0,153161.0,1282327.0,36980.0
2022-04-19,0.7583045559514315,45.579443516467336,48.91125936403698,65.41027291469683,69.40600237772844,71.54598347794843,16.995681751539802,1147837.0,101057.0,70654.0,45826.0,76692.0,1360429.0,52203.0,1073375.0,136120.0,106504.0,62237.0,123249.0,1336156.0,17057.0
2022-04-20,1.079073295182132,55.53810356671245,83.33980470270573,95.7228490558487,105.88185060197688,126.75061717859883,14.494757839775493,1137741.0,117640.0,58141.0,42852.0,83900.0,1362124.0,52300.0,1169273.0,172728.0,129382.0,80093.0,151919.0,1130705.0,20598.0
2022-04-25,2.5350952317207853,375.27891503665535,365.1991216413626,345.132967591226,334.75141169637476,318.8653206108331,20.992064090622733,1039311.0,104477.0,80599.0,61748.0,117135.0,1401077.0,50351.0,1930989.0,80527.0,31171.0,37043.0,69479.0,704882.0,607.0
2022-04-26,1.12891791185239,70.49855784307802,87.84821147400622,125.32035759449765,137.39653043505757,157.9264258660327,10.590245354358661,1028084.0,107159.0,94837.0,55826.0,95646.0,1422007.0,51139.0,1109179.0,148784.0,143259.0,88867.0,150030.0,1180707.0,33872.0
2022-04-27,0.9960268891580444,60.666456490594776,68.41009000946624,102.77928615190717,107.47888774179894,110.05899630425932,10.114935218504518,1017583.0,116021.0,118846.0,60691.0,90066.0,1400363.0,51128.0,1085945.0,142271.0,120634.0,67793.0,109968.0,1291174.0,36913.0
2022-05-02,0.9623551253073013,64.1314299704301,67.84727093159802,88.42783163886698,104.55283743781794,108.20464849012093,13.234813662620274,971342.0,115174.0,116063.0,39126.0,104186.0,1458082.0,50725.0,1038301.0,97113.0,109979.0,91335.0,90369.0,1389610.0,37991.0
2022-05-03,2.36089183560768,329.14640265808686,319.8394685380895,316.81683685385434,319.42461450463713,318.7650918606414,17.22986668371745,974089.0,114902.0,98906.0,55325.0,86711.0,1473176.0,51589.0,1734169.0,73852.0,70730.0,63883.0,94246.0,803837.0,13981.0
2022-05-04,2.208262281651801,273.8486790958972,276.91674295882126,293.7220595420689,321.59055720175985,338.9778295408657,15.249563465037065,988825.0,89292.0,108421.0,43037.0,108406.0,1465131.0,51586.0,1625501.0,96425.0,130082.0,108919.0,134416.0,742463.0,16892.0
2022-05-09,1.282827435580704,99.51258164383859,118.05884955548161,146.45465700022416,155.55611394121976,165.00307087455252,10.294183001498613,996577.0,107670.0,133077.0,75417.0,87366.0,1411975.0,42616.0,1163509.0,154334.0,131288.0,91707.0,126387.0,1151724.0,35749.0
2022-05-10,2.5952746434571106,385.95895613332675,427.0272945689951,400.5476295512204,397.02419063710744,374.571376818345,11.075070267784065,1040068.0,100168.0,123273.0,40123.0,112246.0,1417577.0,21243.0,1903356.0,192027.0,57259.0,32990.0,65853.0,599188.0,4025.0
2022-05-11,0.6943935148313516,29.27865896208624,36.13530126201846,74.75833483356791,84.91240265015854,95.68590007573532,9.750651766396407,1037565.0,84962.0,178481.0,64968.0,132465.0,1308878.0,47379.0,1020443.0,129337.0,114525.0,75506.0,140320.0,1339802.0,34765.0
2022-05-16,2.2012970546825867,382.66754442084414,364.5295105841482,327.4062188328473,304.2283126877685,272.16614630039663,17.863193186564633,1006893.0,156417.0,133931.0,91785.0,144584.0,1276592.0,44496.0,1799118.0,88198.0,55395.0,47448.0,85714.0,768709.0,10116.0
2022-05-18,1.3219546855614843,109.71664613684419,143.01909962057928,176.20083194081974,174.21676579575134,183.31462599881115,14.463501229376899,996736.0,160837.0,193048.0,107979.0,144105.0,1202971.0,49022.0,1116095.0,131123.0,97974.0,64923.0,120076.0,1288623.0,35884.0
2022-05-23,0.9248670703912363,49.101810573553706,67.96045044348229,107.99231452083124,129.16172321728934,173.14741052929872,9.008898320808298,1090660.0,161989.0,179854.0,109740.0,153414.0,1111264.0,47777.0,1009712.0,126968.0,91517.0,65560.0,80415.0,1439290.0,41236.0
2022-05-25,1.2737115596991326,125.24841257257224,137.09381514941802,168.92270832660046,184.09460799441734,186.09719883311618,19.54517347160285,1080230.0,224638.0,222932.0,146289.0,156104.0,974520.0,49985.0,1295776.0,162555.0,97431.0,68308.0,89151.0,1125244.0,16233.0
2022-05-30,1.2193483972009893,84.79195544409828,127.03245393613781,183.29471105075834,202.90533101111336,220.64279643849545,9.136255706279014,1224514.0,188593.0,181836.0,117522.0,143254.0,954133.0,44846.0,1065974.0,162576.0,118043.0,87535.0,191488.0,1193334.0,35748.0
2022-05-31,1.1013154520262451,102.99557644255309,119.8494848755388,141.29487745912596,131.9218310747174,128.09352475568048,12.826449951394086,1228900.0,189760.0,168713.0,128473.0,135986.0,958392.0,44474.0,1383790.0,139160.0,104413.0,56707.0,80174.0,1061039.0,29415.0
2022-06-01,2.0737543251445683,383.6455935048208,321.7576946748538,281.8658920404152,246.72350807557575,214.57908532367478,20.165006113374456,1237762.0,228298.0,149653.0,114498.0,130153.0,950466.0,43868.0,2070305.0,93780.0,59149.0,37766.0,63020.0,530606.0,72.0
2022-06-07,0.8295906281873603,66.35397113510058,51.945560039226294,67.0000487717834,71.8255487047341,97.92838579745096,5.152555219726198,1480963.0,234196.0,103818.0,61531.0,95933.0,843639.0,34618.0,1623378.0,145093.0,138996.0,75464.0,123680.0,723547.0,24540.0
2022-06-08,1.8137306103014514,248.65501047580574,204.91875904758263,186.862401514982,179.4303694511623,160.6966695385575,13.943594550387193,1506200.0,222313.0,93716.0,58073.0,100763.0,840138.0,33495.0,2100920.0,111485.0,39052.0,44505.0,45006.0,513728.0,2.0
2022-06-13,1.4452128560937458,160.50607576724352,131.79308443079,126.05670579081422,123.85896774421246,136.1615542474946,9.966543586125297,1556484.0,183893.0,91887.0,56711.0,128303.0,806043.0,31377.0,1902189.0,75994.0,57374.0,34690.0,64773.0,708736.0,10942.0
2022-06-14,1.2495277592754235,123.66037390978161,121.38854188876206,120.8723869902445,122.9653575803561,132.017663845795,9.235753886882948,1559913.0,182772.0,89587.0,67222.0,133604.0,791217.0,30383.0,1702749.0,125801.0,78583.0,64428.0,94924.0,777736.0,10477.0
2022-06-15,1.722480902928226,209.7671466593741,201.5541380510304,206.66231311260566,214.6189677779729,237.64194941211835,11.914464461247906,1574806.0,168022.0,99190.0,80026.0,119928.0,782495.0,30231.0,1244469.0,171955.0,101751.0,40561.0,63798.0,1193458.0,38706.0
2022-06-20,1.1450265482143793,126.53984629112722,113.8528540474955,114.18653266084578,122.60505044301001,134.8665011352031,9.08587500886481,1683832.0,169964.0,112409.0,83516.0,75243.0,701574.0,28160.0,1718755.0,146278.0,93408.0,57891.0,75004.0,752561.0,10801.0
2022-06-21,1.9174769405227226,291.4036999971538,285.93532403069133,276.1802559333288,266.92349948102196,224.5175980195049,9.977886587855169,1730853.0,155062.0,102235.0,68505.0,68486.0,701998.0,27559.0,1107305.0,172513.0,127916.0,89495.0,169461.0,1145630.0,42378.0
2022-06-22,1.3189072765691539,169.01022001453677,124.55477535448155,100.04305243846305,93.51258272437508,101.97349256222626,10.695827912615176,1799369.0,154653.0,106017.0,55088.0,28082.0,686124.0,25365.0,2105099.0,91565.0,75678.0,45622.0,64089.0,472296.0,349.0
2022-06-27,2.367388813893181,332.5791625661433,356.5922318021535,359.593352580933,352.54712399870357,325.41166736882104,12.08107255622939,1811696.0,166865.0,91562.0,36194.0,36627.0,686729.0,25025.0,1082259.0,114410.0,86447.0,54874.0,104983.0,1365662.0,46063.0
2022-06-28,2.0648159717025463,288.922580022026,282.8699863389058,287.55041662289705,279.5303894492322,258.9933442663718,12.377168132646261,1865065.0,116128.0,90903.0,38859.0,34173.0,685463.0,24107.0,1243279.0,141218.0,136709.0,90992.0,112125.0,1085409.0,44966.0
2022-06-29,1.3602110107944902,132.68751791372776,113.45234538737243,107.306431870679,106.6291995549654,103.39590935677582,8.490210252207124,1838042.0,140131.0,69467.0,46599.0,51650.0,688051.0,20758.0,2145572.0,83273.0,62522.0,46894.0,39586.0,476508.0,343.0
2022-07-04,1.3014408709022962,142.54893881582794,101.33185961186798,97.66925282121908,96.75850605015671,86.70654567346362,5.530010445748356,1821625.0,200832.0,57944.0,39496.0,67383.0,653292.0,14126.0,2170897.0,101746.0,37484.0,27577.0,35608.0,481325.0,61.0
2022-07-05,1.0162326781215754,68.30785330894467,65.41325577575871,65.97476195030741,68.72547813784685,74.35529694442572,5.029206420136502,1934123.0,105585.0,61678.0,39249.0,61841.0,638520.0,13702.0,2083742.0,101011.0,49086.0,44409.0,69137.0,506935.0,378.0
2022-07-06,1.0877860917855928,83.9274480984082,88.22195559145067,86.17375301322066,84.66680113494036,71.9252710820339,5.151424151284426,1841590.0,151317.0,61210.0,50452.0,83347.0,652977.0,13805.0,1950514.0,78396.0,47984.0,35178.0,64802.0,667661.0,10163.0
2022-07-11,1.0168875775805264,116.95965847258486,86.10425922665586,90.69714035708034,96.27859807918563,96.53145654266467,5.7476490662751285,1819150.0,222946.0,76364.0,49673.0,60079.0,613899.0,12587.0,1946000.0,99816.0,50565.0,27258.0,54334.0,666806.0,9919.0
2022-07-12,1.3688993512182235,186.74432492619698,187.06782931867653,162.7643689653717,160.9817517565734,139.17529271565047,12.655759277812926,1820361.0,252421.0,68123.0,43355.0,50662.0,608114.0,11662.0,1501374.0,254238.0,132113.0,42363.0,85959.0,806878.0,31773.0
2022-07-13,1.0893326685147962,175.71238651610892,105.80598469931996,100.99647630666676,102.862574096187,95.84190781975246,6.1726824280958175,1860719.0,233103.0,54591.0,44106.0,65420.0,585129.0,11630.0,2173210.0,100772.0,32461.0,24335.0,29384.0,494248.0,288.0
2022-07-18,1.4073415392700943,210.94618311107604,228.0646105464852,198.25984536695123,186.17349759818697,139.8731015950947,12.254766007461965,1950684.0,210872.0,46473.0,32284.0,44744.0,560899.0,8742.0,1595948.0,177405.0,111372.0,60724.0,138687.0,746918.0,23644.0
2022-07-19,0.6809746403005392,96.7297956756035,61.458139477491926,60.2698879785843,65.71538922823827,82.60367423793194,3.524364369018776,1976966.0,193745.0,62416.0,23457.0,42410.0,550298.0,5406.0,2086593.0,70232.0,43836.0,30546.0,46776.0,576491.0,224.0
2022-07-20,2.1867861546628884,404.9584167137931,396.28851531018665,382.91470677490054,359.2813808156993,329.7637170286096,23.51551276897585,2009795.0,157901.0,62980.0,30277.0,45001.0,544095.0,4649.0,1310114.0,172541.0,106589.0,69208.0,99243.0,1056644.0,40359.0
2022-07-25,2.606972160803036,704.1796071130851,710.7248604766102,679.4060533065086,676.6152834531343,599.0608608593355,37.75538804609658,2041387.0,144054.0,70535.0,48451.0,39670.0,506610.0,3991.0,1108291.0,135481.0,112091.0,52035.0,142438.0,1252362.0,52000.0
2022-07-26,0.6005195964941413,89.04139714198348,59.97525327746867,60.515354487860094,56.210124647336094,56.47303449133673,2.4856340559961416,2048768.0,172758.0,43849.0,27471.0,42987.0,515002.0,3863.0,2078646.0,78221.0,46067.0,42309.0,57388.0,552009.0,58.0
2022-07-27,1.6264455123386217,358.3006821738824,322.0929893943014,276.15791812644557,256.9121531503836,221.5740041367663,10.475638371988309,2102267.0,108846.0,45327.0,31407.0,46272.0,516708.0,3871.0,1579532.0,162161.0,112134.0,59452.0,107504.0,820758.0,13157.0
2022-08-01,1.6482437127038632,378.4026675956012,338.41498399240817,289.22998366849066,271.4817251173218,234.24611786415358,3.504519366573253,2100196.0,131252.0,20104.0,34176.0,45941.0,521780.0,1249.0,1568632.0,187447.0,90955.0,60224.0,118326.0,825044.0,4070.0
2022-08-02,2.309247946439503,740.4474962898602,685.7613160468179,565.3237152453975,525.3705597535427,425.7755631170659,32.96540727147978,2100196.0,135649.0,18546.0,40101.0,37118.0,521988.0,1100.0,1155000.0,205457.0,172557.0,91290.0,164125.0,1023748.0,42521.0
2022-08-03,0.45810673289535286,79.96935655124335,48.86068245045276,40.31018432822698,51.083828136445256,55.19369586151396,0.9672179848843308,2060864.0,179912.0,22570.0,34594.0,39738.0,515759.0,1261.0,2101689.0,113749.0,43261.0,47668.0,55360.0,492698.0,273.0
2022-08-08,2.537057804215695,717.0970722580055,720.6600304016754,662.6478037041214,643.888157566741,554.2446046797414,31.72612773650549,2085508.0,151783.0,26626.0,29815.0,36005.0,523844.0,1117.0,1183921.0,142387.0,100888.0,54811.0,151142.0,1180715.0,40834.0
2022-08-09,0.4833376196545624,64.09676214433401,53.205521747013925,47.0849503122111,58.84838614212826,49.82316386298836,1.5827546474101177,2103423.0,136699.0,29703.0,31263.0,34878.0,517736.0,996.0,2057374.0,141700.0,62194.0,52232.0,41961.0,497135.0,2102.0
2022-08-10,0.4238586223635661,38.177615543797565,45.14595248877957,36.43066786747321,37.11077132810016,32.64574426050588,0.7501369977624405,2101994.0,154436.0,27862.0,25952.0,34710.0,508780.0,964.0,2122666.0,103021.0,35364.0,43708.0,37178.0,512761.0,0.0
2022-08-15,0.8428711149515923,90.38920247844942,87.07096768239343,76.77440299076373,82.0385650301897,88.8830706076823,2.0426457278012933,2105907.0,118382.0,30538.0,37427.0,41386.0,520415.0,643.0,2004238.0,86239.0,55577.0,32695.0,51066.0,622168.0,2715.0
2022-08-16,1.6613065882909337,310.39080953517464,273.8109702963791,230.41629145224076,218.93190236848602,179.44402987252386,15.856048331775348,2131570.0,121522.0,26853.0,31826.0,46519.0,495850.0,558.0,1615040.0,182225.0,102867.0,57474.0,124166.0,746365.0,26561.0
2022-08-17,0.7951747994273203,84.53930125633629,80.58244804381143,77.10677567797796,81.99530302988747,73.28801645844489,0.6198885907631634,2164395.0,99777.0,46671.0,36003.0,33532.0,473741.0,579.0,2051375.0,87896.0,52350.0,28676.0,56789.0,577181.0,431.0
2022-08-22,1.538488559134505,224.70145888767829,211.38434483217935,208.78194630974016,218.6265459834411,213.62658998767384,8.964088895432033,2148103.0,74685.0,56006.0,57974.0,57748.0,459122.0,1060.0,1782799.0,103048.0,57938.0,38442.0,73631.0,785204.0,13636.0
2022-08-23,1.9160614092418684,432.44213094816257,377.0784837142333,359.12681186566647,364.5690351844036,321.38175290202537,11.600785379044373,2139151.0,74295.0,68221.0,62019.0,50220.0,460618.0,174.0,1519740.0,154684.0,94481.0,52863.0,114229.0,902181.0,16520.0
2022-08-24,1.050485379081139,136.31416473564957,118.04861724084837,118.12917442003436,126.6143191914594,139.96587875591524,6.611397469728878,2104889.0,87491.0,49753.0,62620.0,79024.0,470232.0,689.0,1918805.0,118309.0,72290.0,37477.0,57015.0,641064.0,9738.0
2022-08-29,0.4318636861238404,45.176951813789614,31.238412244275025,30.85101830996985,36.29452033070727,41.90026927992456,0.23220122010704997,2089315.0,119632.0,38711.0,51410.0,57541.0,497627.0,462.0,2061944.0,148507.0,39744.0,25308.0,67619.0,511341.0,235.0
2022-08-30,0.3921767572057646,33.13012419385035,30.4377052292605,27.357529312208282,30.73612006258186,28.097792585091,0.12398498166508541,2086477.0,135119.0,34012.0,39542.0,31876.0,527178.0,494.0,2115782.0,96817.0,35618.0,39477.0,62381.0,504301.0,322.0
2022-08-31,0.47616259151382406,34.30142676081772,54.462391364610674,50.590230602907205,43.47175831889187,37.29366793414738,0.18717587735144683,2081887.0,150978.0,36430.0,31070.0,38545.0,515218.0,570.0,2066053.0,108238.0,53096.0,49123.0,64428.0,513451.0,309.0
2022-09-05,0.5448088527531861,60.92158047783385,49.25400222857439,45.39294887183504,52.97148306183462,62.96918346290325,0.027728598955198074,2105677.0,60062.0,77996.0,55883.0,71444.0,483633.0,3.0,2156397.0,70985.0,36164.0,29716.0,58873.0,502521.0,42.0
2022-09-06,1.2490820702779504,230.4125354918389,162.39470210279936,131.12913712471786,123.55496843314515,128.23465013871584,10.17566791891949,2103238.0,55629.0,86681.0,50207.0,73658.0,485271.0,14.0,1790888.0,182246.0,104745.0,36024.0,50660.0,672610.0,17525.0
2022-09-07,0.4937896757003368,49.94619571110301,44.08043947081862,40.84183932181679,43.1581399919641,46.00260968958159,0.19050589111775446,2091993.0,62271.0,89697.0,51725.0,71792.0,487217.0,3.0,2075632.0,134053.0,40711.0,37384.0,47189.0,519398.0,331.0
2022-09-12,2.18083615818812,484.0340617354192,424.1716242992335,384.318186533337,376.5452139856362,352.19733440853435,21.713086013239934,2046702.0,90132.0,61204.0,65760.0,81899.0,508483.0,518.0,1243712.0,227347.0,162507.0,61501.0,125707.0,997723.0,36201.0
2022-09-13,1.2681254224973189,169.99747503625906,158.46281552368626,161.89791779891607,165.01915601606896,165.0371798926714,5.745266045273063,2066915.0,75964.0,63360.0,59341.0,76544.0,512062.0,512.0,1804163.0,93433.0,57375.0,52695.0,74117.0,763593.0,9322.0
2022-09-14,2.5229157277434746,558.2892664799177,525.4627566535576,476.9525096767306,473.23990251799995,467.23435481971904,16.735364146103368,2060576.0,84317.0,56289.0,53701.0,70738.0,528562.0,515.0,1141024.0,130485.0,137184.0,58243.0,78838.0,1280547.0,28377.0
2022-09-19,1.544777051173775,306.40907592692776,268.09667765968834,224.72449380426974,215.3886869810322,187.72290738319285,8.26809806427133,2083410.0,90263.0,32216.0,34553.0,52817.0,561278.0,161.0,1616783.0,145436.0,99826.0,49864.0,100333.0,829731.0,12725.0
2022-09-20,2.4700938113142135,658.00640680622,615.2729636224925,550.3961644186169,512.8797166328209,476.16755272093127,28.94021974132298,2078539.0,105242.0,30312.0,30100.0,67759.0,542596.0,150.0,1141265.0,168665.0,124631.0,78690.0,120650.0,1179389.0,41408.0
2022-09-21,2.208081910376314,459.74781992422004,410.3554464375237,374.2573719102149,359.7224759281196,340.1344739342543,20.728455857095298,2077066.0,132819.0,26679.0,28211.0,73584.0,516179.0,160.0,1324136.0,203882.0,146162.0,66523.0,107518.0,971245.0,35232.0
2022-09-26,2.1824494547107065,541.6286838179483,453.2866267639055,360.58410156195464,332.1795744409135,289.96737928154096,18.277826236299322,2189158.0,89706.0,45120.0,43358.0,32458.0,454292.0,606.0,1250974.0,246540.0,203921.0,91317.0,117616.0,912370.0,31960.0
2022-09-27,0.5092786451508198,44.35948101857916,51.05465866744178,46.52531900303878,46.243633125071106,38.26273474136462,0.5518867094087726,2196303.0,76230.0,36810.0,35623.0,66548.0,442578.0,606.0,2138458.0,98514.0,52877.0,46971.0,65525.0,452024.0,329.0
2022-09-28,1.4347038027024164,225.1658348442111,210.18928822103453,196.53143515528697,195.58087947808497,159.60552392033682,5.178223685832329,2178212.0,92974.0,39212.0,32949.0,44028.0,466717.0,606.0,1833790.0,101917.0,60118.0,34069.0,103110.0,713377.0,8317.0
2022-10-03,0.5861381087082106,68.71618596852666,56.91485052390174,51.39249809634128,48.24979557836285,51.22610942503832,0.3140951058280503,2161526.0,102540.0,44999.0,27702.0,39995.0,477398.0,538.0,2102025.0,98756.0,66168.0,36985.0,66015.0,484749.0,0.0
2022-10-04,0.47613353156104493,43.73698794489087,51.4207039545528,41.20628656889915,40.4967556194593,38.49420596406449,0.27422080021678963,2164954.0,114203.0,45566.0,27227.0,39110.0,463507.0,131.0,2147909.0,109522.0,47699.0,53219.0,46155.0,449845.0,349.0
2022-10-05,2.457697309317842,565.5830057415918,513.9013093856975,478.5234133392372,445.59541781848964,401.62924254962974,21.63846627494156,2194682.0,84055.0,43088.0,27026.0,43855.0,461937.0,55.0,1263877.0,173448.0,99502.0,79079.0,115115.0,1087913.0,35764.0
2022-10-10,0.49286124820082805,71.10502539492799,27.991712400918185,30.300553107321132,30.93710264787148,41.39786592710294,0.2413323414218527,2203792.0,55130.0,34214.0,20199.0,35247.0,505637.0,479.0,2087092.0,139165.0,42168.0,30238.0,51241.0,504612.0,182.0
2022-10-11,0.5695615325585105,55.59035655638226,43.07944724256868,40.005263357948635,36.207357402990816,34.04818056362463,0.49265418041065784,2202531.0,57186.0,28618.0,17550.0,27590.0,520756.0,467.0,2109503.0,74785.0,33015.0,25889.0,40152.0,570917.0,437.0
2022-10-12,1.2271817562452965,179.78627822998538,129.40702196700414,113.90158415862426,113.3998288372267,115.30264341016947,5.72615885997832,2177355.0,60135.0,27539.0,23324.0,32619.0,533257.0,469.0,1837910.0,175480.0,67200.0,43057.0,67417.0,652835.0,10799.0
2022-10-17,0.7139174192680614,97.34480631046956,52.571302073596534,48.11664794298909,51.97755083498947,64.46152525628239,1.8511664043261227,2092337.0,61232.0,28237.0,27252.0,51959.0,593183.0,498.0,1924677.0,184926.0,53582.0,33069.0,68217.0,586835.0,3392.0
2022-10-18,1.189890513368144,132.51438496595193,118.64045115493454,106.90612226021604,99.71471199857186,94.72610173514258,4.018827089064185,2070691.0,75511.0,40293.0,26735.0,48716.0,592299.0,453.0,1798178.0,105346.0,61503.0,41160.0,62457.0,777607.0,8447.0
2022-10-19,2.777763291677615,562.2647150087832,540.9814287373233,504.9949522968454,482.2523684225132,454.39678421891534,23.889954665047927,2053411.0,84746.0,38492.0,28165.0,40012.0,608970.0,902.0,971879.0,125727.0,107733.0,72623.0,94971.0,1435076.0,46689.0
2022-10-24,0.8457156889949908,58.2542791215717,58.103723888020426,57.306796625380976,57.60393349394405,59.17482944988375,0.2790349196610151,2041564.0,56538.0,36068.0,29837.0,33494.0,656362.0,835.0,2162933.0,66299.0,33487.0,29846.0,37910.0,523964.0,259.0
2022-10-25,2.250698340678475,370.49965896136894,316.31414295060847,286.8985411519186,262.3759225995765,239.65465769494105,8.1841847809101,2051211.0,42272.0,39149.0,23102.0,33207.0,664802.0,955.0,1197234.0,167166.0,106950.0,79625.0,86012.0,1198998.0,18713.0
2022-10-26,1.0458153300215807,71.64598279934359,77.16321481296316,77.33516045338432,85.59853220702851,91.19561232807322,0.46683921897989844,2041356.0,45950.0,29437.0,26344.0,44730.0,665830.0,1051.0,2185319.0,59939.0,34310.0,50860.0,58187.0,466003.0,80.0
2022-10-31,2.363874312974885,354.56394180459233,326.68336942087046,311.0816253389125,299.42163084885067,282.81183562456977,11.015067896418586,1992549.0,85697.0,34895.0,27302.0,50338.0,658788.0,5129.0,1190732.0,155812.0,78015.0,50674.0,89920.0,1266199.0,23346.0
2022-11-01,0.8839380058085891,55.376117967540466,61.4965795178375,62.241834254650335,60.806482755424284,61.60565130180065,2.09434414073723,2006810.0,81910.0,34687.0,29020.0,49975.0,647203.0,5093.0,2103522.0,93416.0,38086.0,28109.0,61906.0,529550.0,109.0
2022-11-02,2.3602474989706055,378.3088155491057,342.81425273240575,297.74382615995677,283.46810843620517,262.56609336028447,9.76120305424741,1999167.0,81707.0,26174.0,37910.0,51848.0,648655.0,9237.0,1092888.0,166738.0,136863.0,73303.0,114291.0,1242534.0,28081.0
2022-11-07,1.086751722693739,66.36465820514458,70.16204682651633,69.08007637976776,70.8570996347713,76.97636222948205,4.929426431426845,1932271.0,67261.0,36859.0,33080.0,66524.0,705697.0,13006.0,2100044.0,75390.0,38646.0,42397.0,78952.0,518873.0,396.0
2022-11-08,2.265690128658432,309.8659933706364,282.56298761534384,270.32904743630047,257.75166070787634,230.0053183871027,10.64087350792951,1941285.0,55962.0,44153.0,27993.0,52854.0,719547.0,12904.0,1172291.0,134272.0,87432.0,62099.0,125506.0,1252158.0,20940.0
2022-11-09,2.1570278683006188,279.0944338657437,244.05994829648867,225.80443802237892,213.86298921814458,190.59438657955673,11.412152957074156,1935253.0,44121.0,46938.0,25643.0,49587.0,738366.0,14790.0,1187520.0,144529.0,102479.0,58651.0,128742.0,1214913.0,17864.0
2022-11-14,2.048329983816531,233.5707970703478,215.52837639903322,198.49500249944003,184.76040873524468,170.65832262826189,8.723271628369178,1827658.0,90152.0,40556.0,38467.0,78297.0,770098.0,9470.0,1182100.0,150796.0,101042.0,74128.0,130264.0,1197245.0,19123.0
2022-11-15,0.7461572632770391,55.06231918933782,53.710353209414926,50.59853461825085,44.699226708786476,41.80481565217943,2.730860397641564,1875475.0,57777.0,41917.0,32348.0,74377.0,763137.0,9667.0,1793507.0,103387.0,72791.0,48927.0,74780.0,749127.0,12179.0
2022-11-16,1.3995681789514944,165.9731346580163,136.7289750986622,116.47901787845626,109.4689929959381,103.12443191887031,3.240639313102065,1850917.0,80350.0,41206.0,36159.0,75760.0,761026.0,9280.0,1431576.0,162306.0,98584.0,53023.0,88159.0,1005233.0,15817.0
2022-11-21,1.2461502149739332,153.2051334840768,121.98300442598574,102.28275994290159,96.2443830123267,75.3859085150446,3.533913197060389,1827342.0,65049.0,59968.0,39536.0,46718.0,805479.0,10606.0,1466086.0,154823.0,94414.0,53026.0,105334.0,963750.0,17265.0
2022-11-23,1.9091542539117279,244.05867636562556,214.54503911100878,211.58154225686945,207.40830110222453,198.92105863997512,8.005089374928906,1773021.0,88868.0,63498.0,26135.0,70383.0,829246.0,3547.0,1240826.0,191114.0,168924.0,77956.0,119980.0,1036046.0,19852.0
2022-11-28,1.5730784928400188,262.87439975682753,216.9594858495944,157.53290831855793,143.40401458959792,154.9424928916001,12.715294896173,1831466.0,94071.0,56073.0,41303.0,66593.0,751427.0,13765.0,1239596.0,225880.0,222232.0,79583.0,117851.0,939211.0,30345.0
2022-11-29,1.6831504074422874,199.8151019924316,179.82322098698316,170.7338037223215,168.17799436698797,160.12811720258708,5.898242311771291,1824988.0,103513.0,52608.0,33621.0,64627.0,761283.0,14058.0,1371847.0,162570.0,89766.0,42412.0,100291.0,1063941.0,23871.0
2022-11-30,2.404899379611545,332.1619597555182,336.0874954006159,333.43936415736897,322.6285160459951,308.16054132436284,11.595955240393383,1822004.0,133059.0,64506.0,33296.0,63008.0,724761.0,14064.0,1052348.0,126917.0,72966.0,59156.0,103283.0,1409788.0,30240.0
2022-12-05,2.0981286339067045,290.2226294079726,287.48745388133915,279.57506125363454,276.2816412505131,257.6780884695096,12.33431162433221,1700161.0,106202.0,89377.0,74237.0,74960.0,798197.0,11564.0,1052360.0,124095.0,126927.0,69671.0,106243.0,1344061.0,31341.0
2022-12-06,2.1890102933109183,271.3850305555449,260.797529417721,257.1496986271766,248.61846879467464,262.7517525193049,11.909417869323107,1695285.0,76559.0,86826.0,43984.0,140611.0,798969.0,12464.0,1003846.0,103578.0,99992.0,72384.0,105262.0,1439435.0,30201.0
2022-12-07,1.5434314146994452,167.27918381958833,162.5335316626732,159.59519682140785,154.25659603833088,130.43508098130383,5.121557653389337,1643443.0,101963.0,51527.0,59303.0,145067.0,840950.0,12445.0,2032195.0,91470.0,48870.0,52261.0,90898.0,538921.0,83.0
2022-12-12,1.9008797142886205,223.65378811192411,234.9743249637261,247.08989951845942,253.0683648523375,268.9477542614284,9.269530496383965,1552104.0,98957.0,126983.0,65624.0,149880.0,856915.0,4235.0,1117507.0,101303.0,91666.0,68188.0,127671.0,1326466.0,21897.0
2022-12-13,1.712087984472354,175.3767715199106,183.85957106008706,187.95098068418335,176.56061475964393,187.09631186922218,12.639790187202948,1513505.0,118809.0,88886.0,22257.0,114018.0,981585.0,15638.0,1121480.0,95020.0,83658.0,54300.0,89481.0,1381339.0,29420.0
2022-12-14,1.428276130390536,134.84370920020942,138.90879361125775,138.76221705795103,144.8319143312717,150.44592231995682,4.212500944603258,1536253.0,116703.0,94743.0,40958.0,60318.0,989287.0,16436.0,1813109.0,148902.0,93334.0,60176.0,72073.0,659530.0,7574.0
2022-12-19,1.8174720774489352,209.89286983406328,228.24176993324323,229.12649232904252,226.33586871936,235.0807503606395,11.07272047670069,1478717.0,146028.0,100333.0,58019.0,105139.0,947805.0,18657.0,1013074.0,106162.0,102920.0,74628.0,102371.0,1419532.0,36011.0
2022-12-20,1.6672470123145764,214.2519768437015,213.4704805077425,212.13415363390695,215.24693956379838,221.85028775371867,9.299669852250585,1481482.0,117261.0,104365.0,69002.0,141470.0,920121.0,20997.0,1014986.0,120004.0,145039.0,90603.0,186648.0,1268533.0,28885.0
2022-12-21,1.3907057119233204,139.2659728957242,144.82568405854613,152.6385938175792,151.30558140711867,138.81238441773405,5.9018539057800945,1450082.0,103476.0,107665.0,60045.0,113170.0,1015746.0,4514.0,1739061.0,121463.0,124584.0,60817.0,67522.0,726271.0,14980.0
2022-12-27,1.8047306613583014,239.60244288917343,234.29392889921698,217.98518405826886,210.68401513870276,199.51342060165317,5.34314075541537,1409949.0,157881.0,96237.0,47859.0,80475.0,1053836.0,8461.0,1919391.0,143365.0,62503.0,31527.0,61776.0,627650.0,8486.0
2022-12-28,1.9183471593453565,278.9182397498459,253.98567119179015,223.7953864764533,216.54434568569786,195.19949462390218,11.359548814859888,1457798.0,162023.0,111338.0,44168.0,113478.0,940150.0,25743.0,2032835.0,111248.0,65365.0,38800.0,76258.0,529857.0,335.0
