date,target_length,forecast_length,NIIEE_1,NIIEE_2,NIIEE_3,NIIEE_4,NIIEE_5,NIIEE_6,target_area0,target_area1,target_area2,target_area3,target_area4,target_area5,target_area6,forecast_area0,forecast_area1,forecast_area2,forecast_area3,forecast_area4,forecast_area5,forecast_area6
2022-01-03,6638.715580075987,6726.920774284856,10.33559937511411,18.204073176261375,25.744881862116163,23.060816555996976,23.538576079546075,1.1429320104131662,1183923.0,130581.0,65875.0,70488.0,173404.0,1192022.0,38405.0,1189962.0,132178.0,94879.0,56825.0,132231.0,1212371.0,36252.0
2022-01-04,7318.238487397261,5969.656705572877,13.35502821016886,19.10586418480858,24.268501317536295,26.913629743251715,33.23455934019504,1.7853512896773702,1172614.0,103654.0,78643.0,65455.0,159057.0,1235816.0,39459.0,1166475.0,115289.0,87700.0,71635.0,136801.0,1240002.0,36796.0
2022-01-05,7922.981740829058,6059.2363953560825,14.19213539586777,18.15164800631228,21.384387332595676,23.30289627499842,27.19037853621153,2.394254302895149,1167772.0,102109.0,73306.0,52743.0,113725.0,1306532.0,38511.0,1147634.0,98787.0,91531.0,72855.0,127256.0,1278657.0,37978.0
2022-01-06,7559.523804665263,6100.000897343907,12.870252703002558,17.83246269547029,22.629131101533485,18.520469678966222,18.10944203272276,1.0223202360397314,1160270.0,102481.0,81464.0,56540.0,96954.0,1318556.0,38433.0,1153182.0,108063.0,84236.0,55910.0,94948.0,1320846.0,37513.0
2022-01-10,10023.22055637175,6607.246676092665,13.721915406738574,19.85342524406924,19.568266564890664,22.47927803247727,18.354647179239745,1.2088335057206483,1169217.0,119980.0,66161.0,59068.0,105921.0,1290690.0,43661.0,1167809.0,121230.0,86494.0,60701.0,80359.0,1295463.0,42642.0
2022-01-11,9443.751472919641,7714.245809540991,10.635050420499672,15.520108358026375,20.804977508049724,19.595079497669534,16.40849753236459,1.376967136179783,1185852.0,149040.0,84554.0,50067.0,84192.0,1258616.0,42377.0,1170797.0,153188.0,94796.0,51512.0,79289.0,1263343.0,41773.0
2022-01-12,7564.299453941371,8084.501689557484,21.786381613606295,17.25284610424679,21.570985003736872,26.979129296634795,24.08042589976461,10.140886470862153,1254832.0,115429.0,65726.0,43963.0,66045.0,1294144.0,14559.0,1201443.0,158448.0,106331.0,61921.0,61227.0,1224582.0,40746.0
2022-01-13,5353.233257294503,6126.320702497314,72.94526306806947,31.06595073737985,20.67485643977644,19.89246151729711,15.335787839716684,12.749577186665649,1017372.0,256425.0,180515.0,47038.0,70038.0,1234679.0,48631.0,1223965.0,122753.0,90596.0,56468.0,59428.0,1286938.0,14550.0
2022-01-18,7949.627447790275,7942.206271021688,22.369805547413346,25.587243497280433,35.73406974701302,37.92386298745098,25.590794753295736,3.444718334846657,1190764.0,127812.0,73905.0,99817.0,110529.0,1209448.0,42423.0,1174747.0,134066.0,135925.0,63194.0,76004.0,1225781.0,44981.0
2022-01-19,9487.325066048434,7031.6152544813585,20.637990724409455,22.16766618775776,25.303627167929708,31.88114747345546,22.983016042602465,1.4172859892938188,1179045.0,143827.0,87797.0,94218.0,93214.0,1214340.0,42257.0,1179998.0,132883.0,94971.0,84336.0,94787.0,1227639.0,40084.0
2022-01-20,9425.602194620968,6614.689280886024,21.594369631497113,25.154093030146708,32.83866845085653,28.014951877442062,24.11439051823398,2.8432509821742498,1133995.0,140464.0,83764.0,116028.0,101820.0,1233387.0,45240.0,1163444.0,128313.0,102140.0,81628.0,109576.0,1229259.0,40338.0
2022-01-24,8878.61334190923,8935.308868126222,24.454774630899564,32.98365180095247,49.3163602660024,51.481909753023864,52.69503751752229,2.329917569527837,1239784.0,201384.0,160371.0,80480.0,136093.0,996490.0,40096.0,1239751.0,187266.0,154593.0,58231.0,116842.0,1055730.0,42285.0
2022-01-25,10483.727265770845,8433.549416772234,34.477379240027055,29.93287549080819,42.81476651777935,47.386456530299604,39.70473795569845,1.844667924597155,1241986.0,208393.0,203037.0,76118.0,111646.0,974734.0,38784.0,1231055.0,178412.0,169808.0,74385.0,148432.0,1013902.0,38704.0
2022-01-26,11040.954754556353,8751.497684944174,24.666457293112874,29.408351880107684,48.868146601439726,37.08982051293587,31.458449766709712,1.9803641426756335,1250938.0,175489.0,201124.0,84344.0,129861.0,971578.0,41364.0,1222190.0,185165.0,159575.0,115050.0,136839.0,998794.0,37085.0
2022-01-27,10241.661248592856,8613.857028616861,25.991041716782675,43.75004530974451,54.821107817474214,42.33544100568779,30.53612343990486,11.257939777681159,1187685.0,180525.0,171642.0,111717.0,172751.0,1018437.0,11941.0,1228300.0,156931.0,144441.0,113421.0,159387.0,1012617.0,39601.0
2022-01-31,8684.629539831372,7935.3585079132135,17.424841877419045,21.46598566577586,19.037808752095206,24.018880261605734,27.102643125476,1.155911112397545,1215641.0,110033.0,107973.0,88800.0,139462.0,1166401.0,26388.0,1197507.0,131821.0,114005.0,64871.0,124045.0,1198520.0,23929.0
2022-02-01,9127.264099504324,7590.297541369088,21.332592746363485,21.911342927471875,21.38194920527039,26.55085006472106,26.757415985331445,5.3637674712831185,1249038.0,94164.0,84949.0,45276.0,159803.0,1183595.0,37873.0,1203297.0,130809.0,111417.0,59774.0,120572.0,1203883.0,24946.0
2022-02-02,9567.869221925745,7526.100535855663,15.638256496790083,21.71831370246038,22.642789499777606,18.733929738092325,31.360684313793048,2.3332008218006104,1201436.0,118642.0,74224.0,68013.0,130831.0,1219774.0,41778.0,1227576.0,118202.0,94657.0,41916.0,114036.0,1221912.0,36399.0
2022-02-03,8570.191985671874,7640.438630972297,12.830597360804235,17.390679956404103,17.792555848617166,15.46223626787689,25.59602565800635,1.2480226051115424,1198603.0,122746.0,63626.0,73991.0,116607.0,1237243.0,41882.0,1195413.0,125787.0,88419.0,64828.0,71502.0,1269273.0,39476.0
2022-02-07,6818.704432787704,6521.896387667209,44.73971823315037,27.263207406263213,27.36560372758401,26.62977030904149,23.627016871769207,3.0109750397140993,1280111.0,130482.0,103289.0,51346.0,90647.0,1152889.0,45934.0,1229739.0,176503.0,124579.0,50707.0,51748.0,1182883.0,38539.0
2022-02-08,8445.599056559306,7045.394908370817,24.576622953477447,26.716480590159016,31.644648755493435,33.77823223215024,40.05829734870311,10.647618630262714,1271744.0,171055.0,64267.0,54975.0,113626.0,1160794.0,18237.0,1263145.0,156567.0,114018.0,64926.0,74156.0,1138261.0,43625.0
2022-02-09,8717.487404207646,7142.685276272714,16.484307872509056,18.26747033358941,27.952239021334844,35.71236834274641,27.38148867006761,8.397640168311876,1290010.0,159421.0,108825.0,55786.0,120204.0,1079720.0,40732.0,1273893.0,168248.0,92535.0,70608.0,84276.0,1147307.0,17831.0
2022-02-10,9721.112908633388,7488.2548647881995,16.417764167778014,14.254752536671035,23.13889212328631,26.019033716792535,20.25601600180144,2.2833308621672903,1287536.0,161702.0,119489.0,69099.0,123524.0,1055145.0,38203.0,1290281.0,161384.0,129080.0,65921.0,103648.0,1065411.0,38973.0
2022-02-14,8345.73509552863,9521.08660944345,12.970197104748795,38.0315672337101,47.46130274329251,44.23609029598582,34.19572355945518,6.964344730184904,1184508.0,182311.0,95897.0,73072.0,104555.0,1192615.0,21740.0,1203051.0,182262.0,137563.0,91774.0,91440.0,1112267.0,36341.0
2022-02-15,13252.801651113246,7463.07719525855,22.716166958421052,36.13432887756142,48.43776714422298,41.875242100513574,32.74764287849555,6.638568207599433,1143274.0,196528.0,109848.0,99707.0,140508.0,1126760.0,38073.0,1180754.0,167098.0,119713.0,77099.0,79635.0,1209446.0,20953.0
2022-02-16,8908.211321655686,10293.19739524344,24.23499461696297,32.5579486304335,35.6142820912062,38.587386011844195,17.041791143929615,1.7749604102640413,1080051.0,218046.0,144744.0,61388.0,200651.0,1109702.0,40116.0,1142221.0,175252.0,143706.0,101184.0,114469.0,1141967.0,35899.0
2022-02-17,11051.237979783296,8755.616479970779,11.886284435350777,25.637347549898053,26.161023387951033,28.166518953067683,18.46638518305996,1.2791426208179342,1082230.0,216768.0,122545.0,113936.0,175632.0,1103984.0,39603.0,1088551.0,193177.0,152680.0,91261.0,160674.0,1130577.0,37778.0
2022-02-21,10481.407460617434,8532.539315504506,9.342641590433027,24.167348285292586,24.070872618390176,28.665284096819025,22.461007574295735,3.7451156477056213,1058964.0,157222.0,79484.0,71554.0,160628.0,1280490.0,46356.0,1064945.0,139838.0,111047.0,66492.0,132951.0,1301691.0,37734.0
2022-02-22,9053.727086301977,7664.399092452997,7.969869297784704,18.623371028252066,19.231267730688042,20.169624249865937,39.179465233290756,2.6447987367039474,1064748.0,146045.0,104389.0,60253.0,162364.0,1268857.0,48042.0,1053518.0,128968.0,113617.0,77178.0,123978.0,1314944.0,42495.0
2022-02-23,7759.005081426178,7747.791011438805,9.826968962592922,22.823637470663073,25.507136344844422,25.01741248027829,26.83851193508378,4.373457246149389,1066124.0,127453.0,138304.0,70077.0,121615.0,1278060.0,53065.0,1054123.0,145079.0,119335.0,75806.0,91927.0,1325703.0,42725.0
2022-02-24,7759.531993360763,7149.627447790204,16.859228287962196,25.499480983079618,27.552559022802036,22.653454302699895,28.76789533805784,2.3118413916456,1080786.0,125294.0,124714.0,79269.0,139738.0,1251426.0,53471.0,1065684.0,137476.0,155532.0,72565.0,63573.0,1311680.0,48188.0
2022-02-28,7130.623263708096,6105.610024378671,14.934595526949488,18.087649733058807,30.162981140706986,27.97671985613163,39.41297799070967,3.17660531361159,1118848.0,94477.0,146271.0,67471.0,194177.0,1175670.0,57784.0,1100800.0,109020.0,117388.0,73900.0,200615.0,1201883.0,51092.0
2022-03-01,6791.733870039233,6807.790831969923,9.426717558482977,11.77128082374041,23.253265878067598,19.260536895573225,28.38192812010075,2.2032706149898917,1128849.0,96746.0,126702.0,69176.0,201887.0,1174010.0,57328.0,1108351.0,113875.0,136855.0,74834.0,146646.0,1221295.0,52842.0
2022-03-02,9104.79815411384,6112.272975282551,24.53723633169044,27.530102522656954,32.869881791471535,32.81112475858649,47.88585905546421,3.232759554529041,1091000.0,145159.0,89546.0,86079.0,166721.0,1223505.0,52688.0,1114074.0,106744.0,123608.0,70698.0,149839.0,1236397.0,53338.0
2022-03-03,8843.037656739363,6881.565435225545,14.09140877038394,20.86224311881314,23.08280034437523,22.195755468593664,21.6393399798896,2.385086576138663,1095402.0,129287.0,85263.0,81174.0,168535.0,1242358.0,52679.0,1093678.0,132680.0,101400.0,76117.0,135320.0,1267494.0,48009.0
2022-03-07,11543.434985296766,6915.382715062014,16.86488498341824,28.994907523565875,31.29260864235091,29.63303219451454,28.062031823271756,1.9908886662438572,1136774.0,165800.0,90754.0,55067.0,85487.0,1269457.0,51359.0,1109660.0,149152.0,96784.0,61364.0,108151.0,1282214.0,47373.0
2022-03-08,10094.28152291588,7430.296495348539,4.489949022429857,23.25208437355091,26.6958790247563,26.881928708559578,23.310224899739435,1.915261462700656,1139602.0,173365.0,63277.0,62886.0,81234.0,1283005.0,51329.0,1132426.0,152822.0,103274.0,72050.0,100982.0,1245819.0,47325.0
2022-03-09,9400.29057816307,8087.7037457048,16.905128431003725,25.25714844249197,38.05459248705365,35.1712143196503,30.167705146803335,2.8678243678874202,1163595.0,175882.0,115835.0,46413.0,67908.0,1234810.0,50255.0,1143158.0,177671.0,105246.0,73627.0,73589.0,1235066.0,46341.0
2022-03-10,9060.419474457407,6847.045665965908,12.689560607887863,28.170832214835052,38.63246640351206,46.41430332345997,54.015621863320426,2.035526786930818,1153392.0,210624.0,114958.0,83193.0,103357.0,1140891.0,48283.0,1154875.0,169895.0,131452.0,78339.0,79638.0,1193493.0,47006.0
2022-03-14,7511.584771209362,7337.809121933235,15.12098128542076,16.232111249784463,38.896943960479206,29.71764234140134,27.426606980603495,2.7092343590325694,1252266.0,136733.0,121308.0,90601.0,93926.0,1108846.0,51018.0,1261102.0,122768.0,145970.0,85594.0,85810.0,1108453.0,45001.0
2022-03-15,9547.343356011672,6804.742058734683,21.228568296001598,35.03274838599241,51.58300146244948,44.77597639322775,44.510167264888025,2.5436405086423073,1248798.0,189690.0,162806.0,49997.0,83513.0,1071407.0,48487.0,1241747.0,138596.0,133912.0,98062.0,97760.0,1097337.0,47284.0
2022-03-16,8410.142166416048,7540.106632510058,4.414586996530312,21.19629672723626,34.64692062389496,32.62468744974353,30.07082009284125,1.5980421201979742,1243960.0,185052.0,165232.0,85039.0,64374.0,1064098.0,46943.0,1240211.0,172653.0,180616.0,60020.0,91625.0,1064633.0,44940.0
2022-03-17,11918.9984771578,6933.772542006723,30.81364540761973,46.0068426348986,43.97722636195156,38.88123069586217,31.933698069235767,2.649583194233576,1306516.0,201379.0,163294.0,72672.0,54020.0,1012075.0,44742.0,1230324.0,167172.0,179966.0,89231.0,83636.0,1060898.0,43471.0
2022-03-21,11114.386212061438,10464.246168478736,16.555297222320533,34.92584557094221,45.71165977538542,44.58267113718306,37.6453962709524,2.0151800471742907,1230911.0,202443.0,164973.0,74803.0,138881.0,1000020.0,42667.0,1238447.0,180489.0,160999.0,77574.0,138959.0,1019156.0,39074.0
2022-03-22,12185.491947227541,9222.731270384122,30.801866452399814,39.9096980388747,47.371452869123424,44.12068117456503,49.99613298554551,2.233468671332021,1187802.0,210863.0,130480.0,77606.0,197296.0,1010492.0,40159.0,1214904.0,161005.0,169048.0,94572.0,139688.0,1036685.0,38796.0
2022-03-23,13066.820987097011,9204.436897868885,17.24800562326155,25.543397070779488,27.551979328784793,28.32717486867809,39.12473159592033,2.4823762919607066,1166886.0,190647.0,117010.0,83530.0,152023.0,1105752.0,38850.0,1174433.0,161799.0,154498.0,85065.0,196302.0,1045402.0,37199.0
2022-03-24,13050.035236553145,9311.324199496694,24.343619279016615,32.22144059829192,41.061982938762974,37.39012336486596,34.137225716859675,1.513537099294997,1108005.0,181402.0,94402.0,98948.0,154246.0,1179643.0,38052.0,1155093.0,153972.0,139844.0,79684.0,160706.0,1129064.0,36335.0
2022-03-28,7907.29440330752,7462.715759544781,21.273417145609677,29.302205030532956,28.323822587269692,35.31060601437968,27.70816321476422,1.3469246007177051,1004903.0,169499.0,151465.0,101200.0,191380.0,1199166.0,37085.0,1053820.0,162881.0,126853.0,91778.0,162023.0,1221506.0,35837.0
2022-03-29,8275.194944264686,7052.619259094709,23.80833059967781,31.423820400588944,36.11602078161212,40.49678551688512,31.705889006402266,1.5524650001190896,1030747.0,174206.0,129981.0,100576.0,123725.0,1256421.0,39042.0,1005285.0,154757.0,162999.0,90967.0,167862.0,1237446.0,35382.0
2022-03-30,8489.129973107243,6474.488270759213,11.434823932021763,20.00019257865431,35.7164839318357,39.323381924157,23.656983559398412,1.498006554840595,1041556.0,138515.0,111575.0,96781.0,163295.0,1263234.0,39742.0,1029392.0,148197.0,134276.0,93029.0,139513.0,1273136.0,37155.0
2022-03-31,6877.029288574974,6521.250680706012,7.050095149856481,18.54284823943084,26.485416498850416,37.2884033050085,15.98407675541082,2.1437051257193818,1044155.0,128477.0,95582.0,68250.0,222520.0,1256652.0,39062.0,1040002.0,125364.0,121420.0,96552.0,154636.0,1278828.0,37896.0
2022-04-04,7222.965363438063,5698.217059372313,12.512744023338389,13.169171827456271,21.72400819508802,23.205129033018114,87.66463740426619,2.785466480526145,1099966.0,107522.0,106581.0,53793.0,148096.0,1279702.0,59038.0,1076140.0,123647.0,119637.0,55912.0,197607.0,1228768.0,52987.0
2022-04-05,7383.362333057732,6064.106453041169,14.59934953281562,18.706281320258505,44.578216955896536,36.8409623193363,34.3340158239845,3.083502888681474,1070329.0,119166.0,139020.0,59826.0,75001.0,1332988.0,58368.0,1096124.0,109818.0,109771.0,62600.0,102531.0,1320680.0,53174.0
2022-04-06,8814.510744804757,5921.354144362182,11.686581695289506,17.195947707109557,35.12865646118612,33.91896648989663,21.101844460110993,3.860218355648057,1061378.0,120154.0,86205.0,77308.0,113943.0,1337717.0,57993.0,1069542.0,120951.0,130649.0,73914.0,65392.0,1342200.0,52050.0
2022-04-07,8133.460925548881,6209.421207560685,6.669260700680192,15.121228538133492,22.660031545331073,22.525424900652794,18.302349150175367,2.2214250897986036,1053398.0,124422.0,83339.0,63172.0,129389.0,1342783.0,58195.0,1061971.0,121226.0,104047.0,63762.0,111820.0,1338452.0,53420.0
2022-04-11,7177.853711086385,6097.803891830491,15.852218927059614,22.713697585054245,28.44405519134391,26.50914968446217,27.212215186861044,12.475379975134848,1147796.0,84707.0,143050.0,62362.0,94459.0,1259589.0,62735.0,1134594.0,122399.0,136969.0,63230.0,77344.0,1288088.0,32074.0
2022-04-12,6512.464750693376,5804.448552771133,17.426218431634464,21.016020996150537,31.821483475281234,19.110603958085346,17.117401355123693,11.808726077947414,1127197.0,93390.0,125469.0,99637.0,90327.0,1279845.0,38833.0,1108771.0,116002.0,140611.0,66251.0,88575.0,1276169.0,58319.0
2022-04-19,7431.873047070184,5579.0049019572125,10.31433029824529,16.143030265923848,21.65382279290306,22.482525334950783,22.145964149291554,1.6498642084733597,1151106.0,106696.0,53741.0,46982.0,94501.0,1348238.0,53434.0,1139650.0,115546.0,85048.0,45550.0,78823.0,1338702.0,51379.0
2022-04-20,6921.616121033112,5831.486178718096,9.511871785899793,21.66883961100971,29.37099775679847,24.66025191273816,25.295868955530953,1.7294696280640995,1147837.0,101057.0,70654.0,45826.0,76692.0,1360429.0,52203.0,1144777.0,105264.0,89187.0,39838.0,76651.0,1347953.0,51028.0
2022-04-21,8765.997072199518,5498.57135241107,12.024290156904822,15.301663269234195,19.23901972415551,24.073844693826416,23.61830848798557,2.488735773036643,1137741.0,117640.0,58141.0,42852.0,83900.0,1362124.0,52300.0,1132167.0,106010.0,83465.0,49983.0,73664.0,1359478.0,49931.0
2022-04-25,6171.299274472527,5053.723589302546,20.327853814013704,20.51507948448219,26.72039696079654,25.571472765398486,26.586478599280884,2.6059906401088266,1068859.0,95369.0,79727.0,50964.0,153692.0,1357986.0,48101.0,1081789.0,104599.0,86587.0,51965.0,110964.0,1372352.0,46442.0
2022-04-26,6180.240399969465,4761.195631347411,12.493051655359983,15.108747519733459,24.117852213664055,24.787453520215657,33.523414752202825,2.342973270630273,1039311.0,104477.0,80599.0,61748.0,117135.0,1401077.0,50351.0,1055019.0,97914.0,93933.0,59251.0,107084.0,1395251.0,46246.0
2022-04-27,6129.914498161653,5064.652521490656,10.67145820795885,12.025303250942214,29.88588390039908,32.37001552673012,38.99377156431913,1.8152411453053148,1028084.0,107159.0,94837.0,55826.0,95646.0,1422007.0,51139.0,1022105.0,106703.0,87551.0,63699.0,108534.0,1417355.0,48751.0
2022-04-28,7929.844655839218,4698.899166791111,9.613798747718945,17.129191893757376,37.01091306640878,43.12295870267309,47.93337264749104,1.3744039842337008,1017583.0,116021.0,118846.0,60691.0,90066.0,1400363.0,51128.0,1014836.0,109145.0,104772.0,59609.0,90684.0,1426550.0,49102.0
2022-05-02,10505.897792625574,5779.8749596423195,11.93641741646018,24.04478236261108,35.919024238410024,38.346014308358825,39.47718035156111,13.05257557053734,974492.0,147466.0,106874.0,57405.0,85464.0,1430783.0,52214.0,980365.0,116904.0,105398.0,54697.0,75448.0,1499404.0,22482.0
2022-05-03,7562.673082963949,6622.99079607619,2.3509929037839377,17.264485427106415,32.3022465235549,35.09976379179162,26.317556291686348,1.8661348438922851,971342.0,115174.0,116063.0,39126.0,104186.0,1458082.0,50725.0,972091.0,118539.0,112843.0,70459.0,94062.0,1436651.0,50053.0
2022-05-04,8390.330983234007,4784.585458292131,11.407619836361938,17.58755920107823,30.462757658911926,29.62092442192724,26.96940955049862,1.6724073874664922,974089.0,114902.0,98906.0,55325.0,86711.0,1473176.0,51589.0,966122.0,100615.0,106300.0,70255.0,95684.0,1466913.0,48809.0
2022-05-05,7204.960312804189,5268.3987335152815,15.204830724010273,20.065215085575087,31.964554321211416,29.72834739238173,27.087395181761558,1.5772592437042623,988825.0,89292.0,108421.0,43037.0,108406.0,1465131.0,51586.0,972021.0,109140.0,95186.0,63370.0,84972.0,1480264.0,49745.0
2022-05-09,5501.85753623086,5087.622038218644,13.707947217852576,17.724026163053498,34.41440991083243,41.1893897091605,49.80181596358437,3.238326054683356,1001357.0,113403.0,126760.0,78283.0,96511.0,1391305.0,47079.0,989261.0,102963.0,132604.0,81781.0,119736.0,1378979.0,49374.0
2022-05-10,6820.763307290729,4338.748842471881,7.440481822554928,12.855604062701186,28.37005589251865,33.73667937597659,29.454625433681336,3.315941541362447,996577.0,107670.0,133077.0,75417.0,87366.0,1411975.0,42616.0,999839.0,104095.0,129197.0,74621.0,101345.0,1400159.0,45442.0
2022-05-11,5062.008727101789,4199.109232165092,25.862694366654797,26.667438694202485,33.37185310303866,30.46762024095545,21.996792033152097,10.696393353654681,1040068.0,100168.0,123273.0,40123.0,112246.0,1417577.0,21243.0,999332.0,108830.0,129793.0,68681.0,92683.0,1414375.0,41004.0
2022-05-12,6792.401871577022,4826.52048713465,9.93519315105972,20.743977559750416,37.564900929255174,43.226554314545886,56.513534010304376,12.526402154316669,1037565.0,84962.0,178481.0,64968.0,132465.0,1308878.0,47379.0,1046036.0,102933.0,119486.0,59975.0,101099.0,1403651.0,21518.0
2022-05-18,9762.362691995471,7465.739100141911,6.945963079781307,27.836401182182335,41.66807735220534,49.27407227228152,44.732672684803035,2.8947175425423954,999776.0,154686.0,187788.0,101578.0,149888.0,1213934.0,47048.0,1006273.0,136731.0,135761.0,90354.0,157217.0,1285612.0,42750.0
2022-05-19,11823.78022308836,8075.801112706607,5.459176889635473,25.395217274836185,31.748744463491107,30.442928519430765,24.831698255927996,2.2554583790315363,996736.0,160837.0,193048.0,107979.0,144105.0,1202971.0,49022.0,1000294.0,149220.0,172355.0,95991.0,156791.0,1234618.0,45429.0
2022-05-23,9075.200174367399,8754.241804927726,16.94737006321644,22.634691497531314,31.97179288416473,41.80360598864911,35.384931073142134,1.7706207528733593,1073581.0,174342.0,115545.0,108404.0,193895.0,1141580.0,47351.0,1059420.0,175165.0,130855.0,87738.0,180670.0,1174664.0,46186.0
2022-05-24,10083.943427799239,7403.733003487484,24.51942732133806,31.075905971142266,41.6610872582416,42.64453520876872,26.56358731937842,1.708871972230194,1090660.0,161989.0,179854.0,109740.0,153414.0,1111264.0,47777.0,1083238.0,172478.0,124748.0,103510.0,183231.0,1142265.0,45228.0
2022-05-30,12758.676759432203,9503.374885304273,7.781920497775787,37.24420163208909,41.82309686133198,32.29059121006848,35.24476347701208,2.0329375975986435,1229645.0,165533.0,241822.0,104180.0,153871.0,909054.0,50593.0,1216472.0,163251.0,218412.0,128791.0,173602.0,906311.0,47859.0
2022-05-31,15179.085235277886,9790.571890817719,15.683658836683719,38.208403793790296,52.897982728126856,41.10624049025513,41.169419351973325,4.724594252863464,1224514.0,188593.0,181836.0,117522.0,143254.0,954133.0,44846.0,1229721.0,164138.0,237737.0,101432.0,147502.0,926404.0,47764.0
2022-06-01,14191.116585101614,10361.823766220878,3.6845537988235977,23.945062652678878,34.94284682368469,28.485922992175283,24.79372786337357,1.5798449729758213,1228900.0,189760.0,168713.0,128473.0,135986.0,958392.0,44474.0,1226245.0,187995.0,187705.0,105171.0,141265.0,963809.0,42508.0
2022-06-02,12526.227011963872,9812.886645337245,14.890380358873958,30.96650432047008,38.632870664933456,38.5421907387936,30.105735478431864,1.8481213373173495,1237762.0,228298.0,149653.0,114498.0,130153.0,950466.0,43868.0,1234511.0,191421.0,181276.0,106809.0,135149.0,963649.0,41883.0
2022-06-07,12494.284840446378,10283.788232314959,21.705384125525047,26.367809664715818,30.364671241155907,25.994815621580557,23.05737885064237,2.7596342492105386,1456373.0,213662.0,129692.0,62023.0,102278.0,855784.0,34886.0,1473024.0,201857.0,157540.0,56791.0,96113.0,833839.0,35534.0
2022-06-08,10185.736321018063,9658.921133222642,20.006985572185545,30.59363132282714,29.874109691921053,25.079211423230046,12.820184720796103,1.1923173437183785,1480963.0,234196.0,103818.0,61531.0,95933.0,843639.0,34618.0,1457800.0,214676.0,128419.0,66554.0,104803.0,849533.0,32913.0
2022-06-09,8872.648875815132,8255.749380878506,20.799448461824696,23.090422719454075,22.124574949564895,23.497577512105632,19.706208701596687,1.4716689079992455,1506200.0,222313.0,93716.0,58073.0,100763.0,840138.0,33495.0,1480601.0,222598.0,107688.0,69545.0,101546.0,840220.0,32500.0
2022-06-13,8005.839605205343,6093.868862987952,39.975179414616676,24.10910300243863,25.524431622408592,21.699982243860926,14.828142245805017,1.4761730366194175,1511281.0,214803.0,105279.0,59996.0,122137.0,808770.0,32432.0,1561065.0,144542.0,107110.0,68479.0,119275.0,823583.0,30644.0
2022-06-14,8261.114821205589,6516.22524806783,25.512747571331126,22.08786068805861,19.05947504611119,16.207039387414326,12.100857801555339,1.5217627621135599,1556484.0,183893.0,91887.0,56711.0,128303.0,806043.0,31377.0,1508426.0,199071.0,105302.0,77094.0,120850.0,813545.0,30410.0
2022-06-15,10447.15262662153,6331.3673836915705,11.346235386314216,19.748553374863874,19.795666059462008,20.655785248187154,18.446909115435897,0.9480906617358172,1559913.0,182772.0,89587.0,67222.0,133604.0,791217.0,30383.0,1553861.0,166003.0,99606.0,68703.0,126660.0,810170.0,29695.0
2022-06-16,8957.96763494802,7483.910673017167,14.175543123759407,20.28193093091731,26.003787823610566,28.072139960646986,21.438290083767807,1.17434081431827,1574806.0,168022.0,99190.0,80026.0,119928.0,782495.0,30231.0,1557861.0,166222.0,105086.0,68284.0,134020.0,794637.0,28588.0
2022-06-20,7868.065001949746,6253.993754668998,25.689858401277505,23.78285709205738,32.80382354002938,24.189522084622283,39.16956396127832,1.7724180321108338,1669439.0,125427.0,158564.0,60886.0,100344.0,710201.0,29837.0,1628018.0,145688.0,141927.0,71462.0,107822.0,732636.0,27145.0
2022-06-21,9350.395087839774,6395.013090652784,14.649887082489908,25.90444792387159,27.569688830982763,31.159548352748647,23.420996435846146,1.686855716073132,1683832.0,169964.0,112409.0,83516.0,75243.0,701574.0,28160.0,1671127.0,154823.0,143031.0,60214.0,100618.0,697737.0,27148.0
2022-06-22,9204.874272559595,7222.465976182733,22.19934094713509,23.90077921135707,21.617588905012074,16.12450712265817,10.634222225122166,1.3397078277736862,1730853.0,155062.0,102235.0,68505.0,68486.0,701998.0,27559.0,1685048.0,173048.0,116487.0,73709.0,84534.0,696025.0,25847.0
2022-06-23,7479.619259094796,7342.75739010514,31.09460276921317,32.97263275386968,34.2134219995464,30.346302449745384,17.684678367144233,1.8630556591974556,1799369.0,154653.0,106017.0,55088.0,28082.0,686124.0,25365.0,1729022.0,163676.0,105374.0,64975.0,73490.0,692919.0,25242.0
2022-06-27,8522.718897606448,6413.314605842933,12.633961124869916,22.032730919515622,21.55310387622459,13.196071799809722,13.822772831807828,1.6531640036273183,1821914.0,158629.0,91768.0,37694.0,26835.0,692859.0,24999.0,1802945.0,169067.0,102163.0,37593.0,31635.0,688018.0,23277.0
2022-06-28,8683.672216412235,6316.971460092407,11.261839070057912,15.43824305826989,17.97754774273018,10.789537516538905,12.694243974649336,1.5217592525544796,1811696.0,166865.0,91562.0,36194.0,36627.0,686729.0,25025.0,1805023.0,154382.0,102608.0,46693.0,34127.0,689974.0,21891.0
2022-06-29,9908.488629697025,5979.595739028773,40.79893119302972,24.468733757664417,19.65889693206106,12.38897364170561,9.85215136806774,1.806242886080444,1865065.0,116128.0,90903.0,38859.0,34173.0,685463.0,24107.0,1795483.0,166261.0,97642.0,45678.0,41332.0,686513.0,21789.0
2022-06-30,10171.660202572308,6898.52990131962,8.079191949817506,17.764138425457453,20.744121956423594,16.407657021202024,13.109426737944023,1.8941530402567655,1838042.0,140131.0,69467.0,46599.0,51650.0,688051.0,20758.0,1842732.0,122474.0,99363.0,47076.0,38541.0,683050.0,21462.0
2022-07-04,7845.993934137884,7728.439676992825,66.94515227796688,46.046321143006914,31.28462773399259,28.52222515667272,16.024027677680497,0.9530288891753556,1944743.0,115684.0,39596.0,41411.0,54650.0,643695.0,14919.0,1802052.0,167700.0,80347.0,51913.0,75175.0,664273.0,13238.0
2022-07-05,8407.682317680003,6151.988704035115,50.120501968029345,21.221851624026705,19.238299307042535,20.560667518365314,12.706114258410384,0.8322679454645756,1821625.0,200832.0,57944.0,39496.0,67383.0,653292.0,14126.0,1935209.0,108285.0,57025.0,39340.0,56486.0,645052.0,13301.0
2022-07-06,8878.264099504298,6724.4344468901145,45.95385716685907,17.65424111082688,13.800803533191482,12.222904775934746,12.473774814497894,0.8714044574796375,1934123.0,105585.0,61678.0,39249.0,61841.0,638520.0,13702.0,1811762.0,191047.0,71611.0,46012.0,65695.0,655899.0,12672.0
2022-07-07,9395.810347422688,6117.479036043223,39.699860931149274,30.661966662172347,27.437746166773742,24.412009708028066,11.170452562784435,0.8572983583124497,1841590.0,151317.0,61210.0,50452.0,83347.0,652977.0,13805.0,1917416.0,107473.0,65653.0,46861.0,62772.0,642572.0,11951.0
2022-07-11,6384.282030529821,4132.96099988696,63.49837022671981,39.04672908240424,27.114232736370074,20.31264299180487,12.88955911800787,1.676888537627732,1842417.0,178924.0,73852.0,49194.0,61016.0,636798.0,12497.0,1930467.0,113785.0,71770.0,35257.0,45285.0,646630.0,11504.0
2022-07-12,8165.940110268743,5549.806850423274,23.247740465248697,29.08110426490655,24.54489009710731,18.868669975317786,18.48009651731609,1.3947691893222742,1819150.0,222946.0,76364.0,49673.0,60079.0,613899.0,12587.0,1844924.0,175980.0,84764.0,42567.0,58923.0,636990.0,10550.0
2022-07-13,7041.292311266415,6454.201907470725,4.3670521407692755,28.133052891306015,19.618561289558826,21.31220193254001,10.169044273617962,1.244643290620851,1820361.0,252421.0,68123.0,43355.0,50662.0,608114.0,11662.0,1824664.0,212232.0,91090.0,44466.0,58514.0,612716.0,11016.0
2022-07-14,8054.339171929466,5848.709483421498,24.96485782436195,22.848098142565483,18.300984752039742,19.041770642192247,18.266318745661117,1.1690443997223114,1860719.0,233103.0,54591.0,44106.0,65420.0,585129.0,11630.0,1828835.0,240066.0,76335.0,44373.0,47688.0,607509.0,9892.0
2022-07-18,5816.309375740247,4706.662622758396,21.62337675637927,22.649069021262793,18.97025276454722,17.901748996433774,21.59305194159141,2.200630186860245,1947709.0,225584.0,27415.0,21846.0,51315.0,570227.0,10602.0,1920583.0,220715.0,52246.0,30679.0,66411.0,555699.0,8365.0
2022-07-19,7265.641553671318,4406.068647625289,19.12190273325056,26.111844424756235,16.69562748201179,19.545872257749984,18.98330855765558,2.0865148460881984,1950684.0,210872.0,46473.0,32284.0,44744.0,560899.0,8742.0,1947551.0,208929.0,45977.0,23598.0,54116.0,566219.0,8308.0
2022-07-20,4997.797615707232,5597.441410096184,30.92646020155792,32.072367211743504,23.65884302951107,22.09600566883158,22.178740285257714,2.4520716238422686,1976966.0,193745.0,62416.0,23457.0,42410.0,550298.0,5406.0,1951063.0,191668.0,67325.0,33010.0,43865.0,561243.0,6524.0
2022-07-21,4664.405696721438,4755.763127821788,27.21254814809559,23.411492342484216,20.90408283539585,19.47423299500258,19.934566484614724,1.1126162745182375,2009795.0,157901.0,62980.0,30277.0,45001.0,544095.0,4649.0,1978732.0,178557.0,69817.0,31627.0,40194.0,551940.0,3831.0
2022-07-25,4437.682825293931,3741.2370824389404,13.555649377014564,13.311165848971868,18.150229032300917,15.689712592640896,6.278878712909943,0.970093532554255,2046902.0,138370.0,72421.0,42063.0,39640.0,511313.0,3989.0,2031954.0,143713.0,79378.0,38549.0,45125.0,512655.0,3324.0
2022-07-26,4359.777233702905,3974.4635252038715,6.352057830138418,19.40181237436481,18.0366142497693,17.22685328366041,13.368225306293446,0.8308917275730543,2041387.0,144054.0,70535.0,48451.0,39670.0,506610.0,3991.0,2047486.0,130154.0,79170.0,36774.0,46191.0,512031.0,2892.0
2022-07-27,6836.846568411439,3722.467529817234,49.88795434925659,31.62708049311361,18.508853017644814,19.378078403118522,15.937529827307722,0.6283869851669536,2048768.0,172758.0,43849.0,27471.0,42987.0,515002.0,3863.0,2042522.0,135014.0,71773.0,45112.0,49007.0,508375.0,2895.0
2022-07-28,7315.002989385076,4537.265653138705,47.4960016846134,19.739808360821506,14.843913792018753,15.393459970350428,13.716727428732467,0.7119432410057465,2102267.0,108846.0,45327.0,31407.0,46272.0,516708.0,3871.0,2046954.0,153113.0,56580.0,31519.0,48309.0,515371.0,2852.0
2022-08-01,5798.629180893619,3907.2147878623387,9.685199545976507,20.245466704008816,17.90839588644515,15.710817554078528,18.085238818498237,0.4863180631459949,2100196.0,121264.0,31450.0,24750.0,45369.0,530451.0,1218.0,2088536.0,118780.0,38148.0,26651.0,37822.0,543927.0,834.0
2022-08-02,5653.238307928357,4379.003676467836,2.0095994661459056,21.34033751191001,17.306189380613926,23.563496963831252,18.988330201904315,0.3844079743956036,2100196.0,131252.0,20104.0,34176.0,45941.0,521780.0,1249.0,2101039.0,112267.0,43077.0,25504.0,43796.0,528302.0,713.0
2022-08-03,4439.747796451381,4220.24022050053,3.236142141072764,22.041958708149206,17.112149341465376,24.49002072481645,16.83483287621731,0.408140899418763,2100196.0,135649.0,18546.0,40101.0,37118.0,521988.0,1100.0,2102061.0,118119.0,38307.0,31865.0,45774.0,517859.0,713.0
2022-08-04,3894.3487347906275,3607.1893552241754,34.443796985124195,17.495647061026432,15.103480840886089,20.110208720834994,13.90820644150562,0.58388911796529,2060864.0,179912.0,22570.0,34594.0,39738.0,515759.0,1261.0,2099185.0,124463.0,34818.0,31385.0,45797.0,518401.0,649.0
2022-08-08,4261.094946815239,4368.204686594605,29.997195693990946,27.874489108568866,19.236935329221556,24.895996605023996,15.192620676996333,0.3202680111338574,2075806.0,158069.0,32444.0,35934.0,30722.0,520479.0,1244.0,2046381.0,169997.0,42407.0,23140.0,58470.0,513437.0,866.0
2022-08-09,4155.385314717113,4105.055408295908,19.93676534670815,25.255922149663686,20.38391264367426,22.418195841002422,13.83707580629233,0.30099491191535127,2085508.0,151783.0,26626.0,29815.0,36005.0,523844.0,1117.0,2074850.0,146122.0,46467.0,31358.0,40363.0,514676.0,862.0
2022-08-10,6549.307463168008,3960.587370864369,16.005186277804437,23.73331791819216,22.748297204864627,24.54870062077604,15.941171934127587,0.30086741528119526,2103423.0,136699.0,29703.0,31263.0,34878.0,517736.0,996.0,2090203.0,144421.0,37298.0,31203.0,38283.0,512518.0,772.0
2022-08-11,5219.999671854556,4502.021966431079,9.878619488168239,24.510959847011527,19.062350657869818,18.075655934671918,14.821430909109132,0.23188882295975857,2101994.0,154436.0,27862.0,25952.0,34710.0,508780.0,964.0,2104665.0,125024.0,40226.0,33628.0,38914.0,511575.0,666.0
2022-08-15,3928.365978733337,3686.0766568519734,17.80099306529145,13.454759477382641,15.965594815807997,21.512605450724628,19.70156506897105,0.2179041680699508,2108462.0,110683.0,32898.0,37246.0,45087.0,519728.0,594.0,2100948.0,117133.0,40610.0,44492.0,51320.0,499814.0,381.0
2022-08-16,3836.934521228254,3916.5873708643785,7.079914718844328,11.46996064425884,12.985825192704588,16.050402076761443,11.488817707261175,0.1910037994430036,2105907.0,118382.0,30538.0,37427.0,41386.0,520415.0,643.0,2112524.0,108127.0,43102.0,35977.0,42575.0,512064.0,329.0
2022-08-17,3503.921281898892,4002.403604680303,16.749719022949233,20.759225430393354,17.7767196156289,23.86905529524441,18.710629511311286,0.1477439449118115,2131570.0,121522.0,26853.0,31826.0,46519.0,495850.0,558.0,2118009.0,112536.0,36585.0,35804.0,42022.0,509380.0,362.0
2022-08-18,4613.582320230551,3806.9711011546865,25.182820561983522,22.18341903420176,22.16071024424311,27.29105552165824,21.542049155639873,0.1399352462316844,2164395.0,99777.0,46671.0,36003.0,33532.0,473741.0,579.0,2130034.0,115242.0,38386.0,31978.0,44681.0,494024.0,353.0
2022-08-22,4559.908222038347,3627.7873349706256,11.218287461607165,15.974516793530162,16.231453633963046,11.370260129131378,8.616721458226593,0.14617709969489848,2153309.0,85201.0,47849.0,51096.0,50895.0,465321.0,1027.0,2142504.0,94713.0,51016.0,48303.0,51475.0,465887.0,800.0
2022-08-23,4524.930516614947,3554.2126958212766,12.66529149325264,12.382182819406458,16.206901512512008,19.604205598666194,13.90167537773856,0.1901658694733535,2148103.0,74685.0,56006.0,57974.0,57748.0,459122.0,1060.0,2139824.0,85034.0,51355.0,51948.0,54320.0,471468.0,749.0
2022-08-24,5408.734736590879,3627.3670247538403,20.35224282590996,15.344143083046438,35.550748946905685,32.272872059410204,18.652680383605226,0.5156524015192717,2139151.0,74295.0,68221.0,62019.0,50220.0,460618.0,174.0,2130324.0,83018.0,51899.0,52825.0,66544.0,469302.0,786.0
2022-08-25,5840.889065523456,3719.5446942835024,22.023191034153953,19.645802785420972,26.007917015621555,28.281278670760027,21.036841320498727,0.4731941391554968,2104889.0,87491.0,49753.0,62620.0,79024.0,470232.0,689.0,2118475.0,90849.0,62805.0,56020.0,58073.0,468355.0,121.0
2022-08-29,5382.183438038659,3901.24317909335,22.361266432554388,23.306081738414562,14.047274257303018,25.606917392159076,21.544594093278487,0.1351557657505782,2087189.0,107037.0,44794.0,54635.0,63461.0,496989.0,593.0,2101716.0,97313.0,41751.0,33799.0,66415.0,513315.0,389.0
2022-08-30,5122.987478545735,4123.108186144551,12.22730475500415,18.9611401381086,12.783999832070926,18.976424269052355,14.770349003568956,0.09229263685267555,2089315.0,119632.0,38711.0,51410.0,57541.0,497627.0,462.0,2085825.0,99251.0,50581.0,45538.0,67892.0,505142.0,469.0
2022-08-31,6374.637369589143,4076.102089490136,6.598553656558002,21.419621121679437,19.126506730393324,22.2540886698469,25.08872570164081,0.09359650576678016,2086477.0,135119.0,34012.0,39542.0,31876.0,527178.0,494.0,2091950.0,113397.0,45021.0,42884.0,58536.0,502554.0,356.0
2022-09-01,6935.603927724309,4491.506201784804,7.371256200850793,27.11541678909826,26.032884137612054,25.553044946876042,18.962653059099672,0.14086432006861463,2081887.0,150978.0,36430.0,31070.0,38545.0,515218.0,570.0,2085295.0,119126.0,48603.0,39484.0,37583.0,524256.0,351.0
2022-09-05,6638.715580075958,4225.517349073059,16.08731750827,21.66034502412628,15.424501635281631,17.855423634322765,22.787729139623615,0.33200506791129214,2098277.0,70591.0,81057.0,52303.0,73440.0,478447.0,583.0,2096636.0,86196.0,65438.0,52218.0,57742.0,496381.0,87.0
2022-09-06,6689.383581613748,4118.924419960492,13.728737438262513,12.328135095481064,16.423341065619873,15.93223676856892,15.80283664011133,0.24832500842099609,2105677.0,60062.0,77996.0,55883.0,71444.0,483633.0,3.0,2089867.0,74273.0,78328.0,45498.0,74844.0,491488.0,400.0
2022-09-07,6503.158184869326,4046.2970029625153,8.683460958006044,16.133472460762484,16.996771044681307,14.782247728271265,15.850927830138515,0.008122432913214715,2103238.0,55629.0,86681.0,50207.0,73658.0,485271.0,14.0,2095007.0,69764.0,70513.0,48126.0,72712.0,498576.0,0.0
2022-09-08,5911.771316517373,3973.1487706843814,5.895415840099132,12.161576677882517,16.207260167996985,14.680931531376892,14.967831121892553,0.0017111307585427047,2091993.0,62271.0,89697.0,51725.0,71792.0,487217.0,3.0,2092133.0,65339.0,75946.0,45455.0,71509.0,504316.0,0.0
2022-09-12,5879.168286137053,4545.64328677465,24.476611490754077,29.715341798376087,37.49059499442122,23.75785054069809,27.96790638746053,0.18237218135748978,2040609.0,95378.0,55024.0,78079.0,87877.0,497039.0,692.0,2046282.0,100754.0,53976.0,57921.0,64297.0,531082.0,386.0
2022-09-13,4801.1214254739825,3974.0482656210065,19.159669052242617,24.914501848900166,26.54565064409817,20.389359939975034,13.799060687240459,0.14406672655296476,2046702.0,90132.0,61204.0,65760.0,81899.0,508483.0,518.0,2036587.0,87141.0,52688.0,72859.0,94064.0,510862.0,497.0
2022-09-14,4527.013777735634,4040.6929265616664,16.28053267589008,16.422859149750693,19.563985782464894,14.33830459373102,20.196686002509026,0.059665246683926226,2066915.0,75964.0,63360.0,59341.0,76544.0,512062.0,512.0,2044024.0,84837.0,58706.0,62369.0,79700.0,524646.0,416.0
2022-09-15,5773.368250243285,3972.5690809011535,15.182678343697214,16.12037411065168,16.529572136180157,18.381700225489073,22.99621323640494,0.05129887783593134,2060576.0,84317.0,56289.0,53701.0,70738.0,528562.0,515.0,2063941.0,73593.0,59743.0,56990.0,79074.0,520928.0,429.0
2022-09-19,5520.468755306644,4775.277846447565,7.930986382140134,15.266381736568917,15.666450457203307,19.447551072522337,20.331913507608885,0.03910446141539169,2079579.0,81758.0,49399.0,34393.0,48003.0,561405.0,161.0,2071154.0,88051.0,54814.0,35216.0,61997.0,543370.0,96.0
2022-09-20,4605.64833740854,4232.357969506624,11.999568384009903,15.02636388832877,23.662682095340113,21.53309905150043,23.241951685765695,0.04537924294331136,2083410.0,90263.0,32216.0,34553.0,52817.0,561278.0,161.0,2087132.0,77464.0,54956.0,28734.0,53337.0,552984.0,91.0
2022-09-21,4914.774275110127,4010.558979633369,14.250314277618354,18.071537661129437,20.494889072324778,18.76452376658391,21.098276974245742,0.04339912983654278,2078539.0,105242.0,30312.0,30100.0,67759.0,542596.0,150.0,2092495.0,77585.0,45120.0,34378.0,55333.0,549699.0,88.0
2022-09-22,5209.679866701164,4478.2889937358195,15.06801103696262,19.35001472075328,16.215533829096916,20.10285564906315,20.165297854384626,0.04300265083460148,2077066.0,132819.0,26679.0,28211.0,73584.0,516179.0,160.0,2093991.0,89884.0,45966.0,28274.0,69842.0,526654.0,87.0
2022-09-26,4175.740653776444,3734.343684156714,20.17184816369999,12.35586404802555,17.43162062307395,12.758887939720804,10.04210500221277,0.2266311634740625,2233081.0,57065.0,58020.0,30186.0,24417.0,451759.0,170.0,2204752.0,83545.0,46845.0,39593.0,32672.0,446893.0,398.0
2022-09-27,5092.371208836063,3245.797436238371,26.921979497073476,21.151705547869064,18.93134800823523,14.730796406993477,13.636782486659074,0.3221423575443784,2189158.0,89706.0,45120.0,43358.0,32458.0,454292.0,606.0,2221353.0,58499.0,53568.0,37582.0,32749.0,450855.0,92.0
2022-09-28,4727.843250880917,3532.419802602459,10.333519493256262,10.899913629856503,10.583168136176113,16.54148937893873,20.998291907384385,0.13298474925512593,2196303.0,76230.0,36810.0,35623.0,66548.0,442578.0,606.0,2185502.0,83521.0,41556.0,45722.0,41877.0,456134.0,386.0
2022-09-29,5995.641374202472,3581.4380925656774,11.92679524992561,16.826579625332453,15.921496139765948,15.568308021172548,19.893149480421176,0.11025449204767498,2178212.0,92974.0,39212.0,32949.0,44028.0,466717.0,606.0,2190375.0,70636.0,42933.0,29152.0,66443.0,454720.0,439.0
2022-10-03,6298.38863224761,4218.832103592534,16.119302717769255,20.984416527025726,18.45203032397161,19.446747333361422,10.8733475849657,0.2771380523464728,2164319.0,98117.0,33760.0,22580.0,48300.0,487224.0,398.0,2170661.0,93664.0,42743.0,23869.0,36865.0,486829.0,67.0
2022-10-04,6148.204866063532,4567.015869776665,13.867474068278211,20.31109429694771,16.72118573609886,19.456381964359856,9.127440305791334,0.13486239674029668,2161526.0,102540.0,44999.0,27702.0,39995.0,477398.0,538.0,2162941.0,95609.0,41858.0,23779.0,43855.0,486349.0,307.0
2022-10-05,5872.588596353843,4328.210783249032,12.56496922248949,19.561288697078837,14.50418985900015,15.770770236683079,11.077044701133815,0.2557754549107275,2164954.0,114203.0,45566.0,27227.0,39110.0,463507.0,131.0,2162346.0,99542.0,53175.0,34341.0,31678.0,473245.0,371.0
2022-10-06,5995.115508288451,4380.093034242926,18.411502121419332,20.693634428189554,16.811344596343183,18.799125443163742,10.147251769540429,0.024832119049251377,2194682.0,84055.0,43088.0,27026.0,43855.0,461937.0,55.0,2170915.0,106003.0,52098.0,37428.0,29474.0,458698.0,82.0
2022-10-10,3721.590329457224,3688.615762095353,18.029870096069494,15.804978588501667,10.208427536797474,9.104922881890227,8.41905407128661,0.19093572439848358,2169605.0,84877.0,25512.0,20868.0,54399.0,499373.0,64.0,2158065.0,86010.0,42116.0,24099.0,39468.0,504577.0,363.0
2022-10-11,3993.8228688765844,3344.2593770155113,26.6987388917004,11.199524164384002,9.447735286063024,9.077503082281735,12.444799046120762,0.30209130737982504,2203792.0,55130.0,34214.0,20199.0,35247.0,505637.0,479.0,2170658.0,80489.0,35483.0,22893.0,42695.0,502427.0,53.0
2022-10-12,4091.8878400340413,3265.0045430195623,12.400825083235087,10.331023559784116,10.68362008049838,10.7517415103118,13.145801039674655,0.0773859442680458,2202531.0,57186.0,28618.0,17550.0,27590.0,520756.0,467.0,2194294.0,67050.0,35891.0,20053.0,30897.0,506182.0,331.0
2022-10-13,4691.8432508809165,3235.1161953712462,15.693530924708554,13.514047529686778,10.371694109802407,9.514072864713752,7.925962563966352,0.07398676597970168,2177355.0,60135.0,27539.0,23324.0,32619.0,533257.0,469.0,2171161.0,70684.0,32658.0,23404.0,31467.0,524989.0,335.0
2022-10-17,4681.883835420751,3367.217746455167,8.644552093463622,9.735009382833557,9.846527181192295,9.931126890292028,16.04592794216948,0.11756063472300553,2109141.0,56857.0,26314.0,31668.0,56329.0,573810.0,579.0,2102019.0,54178.0,35781.0,26970.0,45562.0,589551.0,637.0
2022-10-18,4730.494008476007,3677.729506488094,13.222110560073201,12.602015409855582,13.693261286954233,14.453181814181706,15.645243814559201,0.0678862337656542,2092337.0,61232.0,28237.0,27252.0,51959.0,593183.0,498.0,2085490.0,70146.0,40085.0,25712.0,47372.0,585407.0,486.0
2022-10-19,4180.289860287612,3288.471534430584,15.859114654965158,16.21642820083608,14.92639325796433,12.01086677197499,9.57144157981898,0.07697446067964034,2070691.0,75511.0,40293.0,26735.0,48716.0,592299.0,453.0,2087894.0,58171.0,38654.0,25325.0,46512.0,597735.0,407.0
2022-10-20,5329.503243192047,3671.722363813156,16.17808411249813,13.514749014701673,15.033312711883685,13.640559495604803,13.55529950028202,0.28749254520426315,2053411.0,84746.0,38492.0,28165.0,40012.0,608970.0,902.0,2065108.0,65395.0,43271.0,30840.0,47526.0,602209.0,349.0
2022-10-24,4277.92441996052,3821.7234098336926,9.042835479838285,10.3212882425125,10.69325089907076,9.440466261606982,11.116549806049893,0.15445906924876907,2040956.0,68751.0,42925.0,23724.0,23056.0,654451.0,835.0,2038925.0,62166.0,52157.0,29340.0,34858.0,636602.0,650.0
2022-10-25,4513.268611731563,3827.4391385862173,12.480189990597966,11.4717789834686,10.53974937048695,9.71898051661064,9.173272983855872,0.07284930655706881,2041564.0,56538.0,36068.0,29837.0,33494.0,656362.0,835.0,2027645.0,63312.0,46661.0,31422.0,32316.0,652672.0,670.0
2022-10-26,4855.323481621284,3738.0421689665513,12.083646867997672,11.848499065238274,11.079279407872201,7.261815355326189,10.619830103218693,0.08590270285306402,2051211.0,42272.0,39149.0,23102.0,33207.0,664802.0,955.0,2029597.0,49952.0,44588.0,30433.0,40979.0,658392.0,757.0
2022-10-27,5547.782463805636,3772.001584426732,13.737957618979888,12.30114536775604,15.174769870203734,16.47230161586215,13.61863914027074,0.13474368127991238,2041356.0,45950.0,29437.0,26344.0,44730.0,665830.0,1051.0,2028363.0,57753.0,43587.0,26606.0,37076.0,660557.0,756.0
2022-10-31,4495.837154226497,3699.326440214005,13.357593301092425,12.660726681107349,12.908885350497439,15.744803862661618,23.455839460585967,0.2978746676719765,2008068.0,61924.0,55270.0,30186.0,64680.0,630315.0,4255.0,2024374.0,64106.0,47827.0,35559.0,72750.0,606360.0,3722.0
2022-11-01,5236.899166791175,3917.912226651658,15.404308698603938,11.816551181708153,12.896357474369031,15.343860420440482,16.116641645594882,0.613180375614916,1992549.0,85697.0,34895.0,27302.0,50338.0,658788.0,5129.0,2006421.0,74747.0,50972.0,34548.0,51753.0,632478.0,3779.0
2022-11-02,4816.323481621277,3955.2858556742053,8.368667409096348,12.158808221412693,10.109668736386427,9.292252439080865,10.76368471855328,0.23929437013967952,2006810.0,81910.0,34687.0,29020.0,49975.0,647203.0,5093.0,1990451.0,82287.0,46116.0,26047.0,47515.0,657732.0,4550.0
2022-11-03,4204.882789400176,3832.4858197804647,10.007904688059426,11.819972018648206,10.661601403033403,9.171373259701927,9.294515361181698,1.9669341768565598,1999167.0,81707.0,26174.0,37910.0,51848.0,648655.0,9237.0,1995772.0,76648.0,47117.0,27672.0,47099.0,655833.0,4557.0
2022-11-07,7140.948119495367,4079.6178541364156,11.078349267090319,15.12205835148494,16.031985897062608,15.328521878793037,13.753074963207828,2.1040679467650385,1949506.0,72158.0,37412.0,26505.0,65843.0,690346.0,12928.0,1950036.0,62584.0,49516.0,32362.0,66808.0,679706.0,13686.0
2022-11-08,7391.8913370333885,4550.165148075297,9.122199965969065,10.98684110675898,11.046848314251331,8.190431609139988,10.149685340884101,0.3861813537391158,1932271.0,67261.0,36859.0,33080.0,66524.0,705697.0,13006.0,1927228.0,66390.0,52454.0,32229.0,62674.0,701636.0,12087.0
2022-11-09,5980.83019102042,4810.2433585621375,18.125461288003947,14.27870074766261,11.030484367539914,10.728028541897517,13.943611530306164,0.4938785258187045,1941285.0,55962.0,44153.0,27993.0,52854.0,719547.0,12904.0,1903598.0,69714.0,60227.0,31775.0,64422.0,712837.0,12125.0
2022-11-14,6277.731777998105,4791.01691579721,14.058124703366968,14.470818726069416,13.307619299998397,13.915746944517627,8.19511604886351,0.6517812026569995,1831951.0,86400.0,41735.0,47942.0,73407.0,763171.0,10092.0,1816450.0,98239.0,51871.0,35107.0,72195.0,771241.0,9595.0
2022-11-15,5954.800753768899,5454.404830169697,17.590149021575247,12.866730491397957,11.823425958908249,13.298931937858868,7.365072527200982,0.5391271846165726,1827658.0,90152.0,40556.0,38467.0,78297.0,770098.0,9470.0,1806131.0,104672.0,52815.0,41811.0,71195.0,768758.0,9316.0
2022-11-16,5604.569260370055,5269.132752231036,36.0445060025138,18.598442368798732,14.73025148072408,13.409966015855028,12.158585671228094,0.42016283090163853,1875475.0,57777.0,41917.0,32348.0,74377.0,763137.0,9667.0,1791569.0,115998.0,55033.0,41040.0,71105.0,771293.0,8660.0
2022-11-17,5892.487045269893,5253.942889392514,26.887259331879772,13.563799269647623,15.75797803374068,15.367131322665026,13.953857983321914,1.1965740539685072,1850917.0,80350.0,41206.0,36159.0,75760.0,761026.0,9280.0,1806847.0,113052.0,54583.0,37385.0,64527.0,769435.0,8869.0
2022-11-21,7322.262874014901,5344.936792738139,17.08404925803038,15.463305433023374,17.544702906678335,16.657622497612387,16.73453232881148,0.767487634897728,1818874.0,81112.0,58661.0,36584.0,58734.0,790373.0,10360.0,1785569.0,93463.0,58802.0,41469.0,66053.0,800724.0,8618.0
2022-11-23,5913.660710186231,5056.557067061169,23.01031344022459,19.97691502353214,18.38699057923525,22.88451133772972,15.657199668259905,0.48982520758641507,1754320.0,102202.0,50094.0,34122.0,74060.0,828948.0,10952.0,1799639.0,77325.0,64912.0,42222.0,54499.0,806140.0,9961.0
2022-11-24,6147.340905032871,5331.942889392567,14.467764679399965,14.455472947733076,13.760395347344232,12.076428108980616,15.553402140817337,3.812815861573944,1773021.0,88868.0,63498.0,26135.0,70383.0,829246.0,3547.0,1744871.0,97685.0,61753.0,39316.0,68330.0,832528.0,10215.0
2022-11-28,6213.032247167752,5757.110457654501,18.758143227903652,16.09860778005395,18.529704334949137,20.492889382808688,25.189985332038013,0.7858461380170519,1829976.0,75533.0,55149.0,34892.0,55017.0,788952.0,15179.0,1790562.0,102265.0,56002.0,28186.0,60707.0,803438.0,13538.0
2022-11-29,6127.913452141115,5913.129793638292,19.362490662267625,21.64872516096577,25.858926201528007,23.97885749041859,23.106665236939296,0.9143164345065117,1831466.0,94071.0,56073.0,41303.0,66593.0,751427.0,13765.0,1809347.0,94675.0,67692.0,35537.0,55480.0,777736.0,14231.0
2022-11-30,5891.097218325156,5464.9073554866645,9.485393501590638,16.68675015828659,17.58487017392985,14.629805275357384,18.17760478945708,0.6304466380918928,1824988.0,103513.0,52608.0,33621.0,64627.0,761283.0,14058.0,1814626.0,103813.0,62091.0,43252.0,69998.0,748092.0,12826.0
2022-12-01,6383.560205122853,5207.331670316752,15.573289120284661,24.59474366606324,30.185528347085747,28.677386353881896,25.40810437769745,0.84161429424887,1822004.0,133059.0,64506.0,33296.0,63008.0,724761.0,14064.0,1813899.0,103893.0,58454.0,43281.0,67629.0,754508.0,13034.0
2022-12-05,6710.035385229391,5688.424166153487,30.942490825142894,28.649345107379943,31.33099534359601,28.012849609460723,16.56474027318353,1.5932209107085262,1707884.0,128209.0,66961.0,61734.0,104365.0,774412.0,11133.0,1746055.0,119875.0,77643.0,53389.0,76461.0,769425.0,11850.0
2022-12-06,6736.116554308994,6266.61507501254,18.85620844844988,23.243876588751117,22.13272543156615,25.81580452743945,20.68306905796095,1.1004755656027225,1700161.0,106202.0,89377.0,74237.0,74960.0,798197.0,11564.0,1694048.0,105290.0,88047.0,53877.0,108347.0,794927.0,10162.0
2022-12-07,6670.785601867299,5654.866770946848,22.162514893359212,23.15042000416191,29.78198327477072,34.948369835555745,20.839028189494808,0.6531085039235952,1695285.0,76559.0,86826.0,43984.0,140611.0,798969.0,12464.0,1682375.0,92376.0,93652.0,73923.0,82949.0,818489.0,10934.0
2022-12-08,7686.122830432249,5459.279938488678,18.86459658376198,17.316823238784266,22.037717624252153,19.38533504320263,19.39358763368505,0.45884403082250586,1643443.0,101963.0,51527.0,59303.0,145067.0,840950.0,12445.0,1673081.0,78658.0,82590.0,47523.0,131691.0,829338.0,11817.0
2022-12-12,7336.316697884071,5760.851619045215,20.784306789539542,22.543429842261357,31.821304042219314,26.233878568851406,39.736212815231134,0.6411799723536944,1575293.0,84031.0,135995.0,50519.0,142309.0,852714.0,13837.0,1569007.0,104134.0,91279.0,71107.0,122277.0,883973.0,12921.0
2022-12-13,9590.870267946273,5642.081020402972,14.469777106752371,23.36519895275756,29.619131895541525,38.86138837124174,38.97048445397674,4.76613511448538,1552104.0,98957.0,126983.0,65624.0,149880.0,856915.0,4235.0,1555936.0,91326.0,106599.0,74968.0,110502.0,902401.0,12966.0
2022-12-14,7666.476077450497,6955.891337033371,16.630078104974622,24.15158678000665,30.51802324471987,40.36744668208672,45.72139677343258,4.843687422611613,1513505.0,118809.0,88886.0,22257.0,114018.0,981585.0,15638.0,1537826.0,103880.0,113893.0,61198.0,127122.0,905941.0,4838.0
2022-12-15,8261.804071299406,6502.824273834801,19.55432018741606,22.899121535653382,24.10239324116568,25.72775502138648,45.78900328857683,0.9479177100667551,1536253.0,116703.0,94743.0,40958.0,60318.0,989287.0,16436.0,1503834.0,119349.0,101016.0,44332.0,91104.0,979718.0,15345.0
2022-12-19,9732.052988109814,7122.359374464909,25.961744470016935,30.022874572270368,39.048427249067025,37.41747046160572,38.78606913781627,1.1235865557862945,1468253.0,155183.0,79563.0,48468.0,63850.0,1022893.0,16488.0,1511721.0,130800.0,96272.0,63999.0,76530.0,959153.0,16223.0
2022-12-20,9065.163594440926,7503.148263070392,13.841798335496158,25.35396235633054,28.74113394369812,28.801731368067934,43.657526604685664,1.8394684819814915,1478717.0,146028.0,100333.0,58019.0,105139.0,947805.0,18657.0,1457840.0,127633.0,93337.0,62140.0,76013.0,1021330.0,16405.0
2022-12-21,7771.654793000716,7343.834554571405,17.12965323460507,23.72981535909047,29.93308476082908,35.89284773290079,39.21591398149523,1.587570890987179,1481482.0,117261.0,104365.0,69002.0,141470.0,920121.0,20997.0,1464157.0,123936.0,110622.0,60660.0,111343.0,965827.0,18153.0
2022-12-22,6565.117600329513,6355.876005662896,16.814429478076647,24.963844647167413,30.03050600169604,30.372648744654196,49.26205037108924,7.217520676546943,1450082.0,103476.0,107665.0,60045.0,113170.0,1015746.0,4514.0,1469261.0,111183.0,102643.0,64506.0,133574.0,953307.0,20224.0
2022-12-27,8097.0710986041895,6568.452736853318,16.056849939196816,17.68868559411251,26.185069760481678,21.828490069221512,35.74984606359586,3.300230622079105,1372542.0,153561.0,84367.0,58914.0,73687.0,1081573.0,30054.0,1387682.0,145709.0,104225.0,46123.0,105960.0,1031912.0,33087.0
2022-12-28,7061.462838121113,6183.942022840875,17.269983850087907,19.094121854464138,25.476527263853416,22.52678853695902,34.55058657491655,11.791106174073546,1409949.0,157881.0,96237.0,47859.0,80475.0,1053836.0,8461.0,1390867.0,164240.0,94477.0,50308.0,62992.0,1061976.0,29838.0
2022-12-29,7768.897433687837,6429.350139748864,21.757125032172915,25.794919397927867,32.63679939823342,32.78133989485974,45.21538052464021,8.327756305624126,1457798.0,162023.0,111338.0,44168.0,113478.0,940150.0,25743.0,1414207.0,160744.0,100398.0,46787.0,82618.0,1041136.0,8808.0
